,機車等級,使用頻率,使用距離
0,N,U,less_15
1,N,U,less_40
2,Y,U,less_15
3,N,U,less_40
4,N,U,less_40
5,N,U,less_15
6,N,U,less_15
7,N,F,higher_40
8,N,U,higher_40
9,N,U,less_40
10,N,U,less_40
11,N,U,less_5
12,N,U,less_40
13,N,U,less_15
14,N,U,less_40
15,N,U,less_40
16,N,U,less_15
17,N,U,less_40
18,N,U,less_40
19,N,U,less_40
20,N,U,less_15
21,N,U,less_15
22,N,U,less_40
23,R,F,higher_40
24,R,U,higher_40
25,N,U,less_15
26,N,F,less_15
27,R,F,less_15
28,R,U,higher_40
29,N,U,less_40
30,N,F,less_5
31,N,F,less_5
32,N,U,less_5
33,N,F,less_5
34,N,U,less_5
35,S,,
36,S,U,less_5
37,N,U,less_5
38,N,U,less_15
39,R,F,less_40
40,R,F,less_5
41,N,F,less_5
42,N,F,less_15
43,Y,F,higher_40
44,Y,U,less_15
45,Y,U,less_40
46,Y,U,less_40
47,Y,F,less_40
48,Y,U,less_40
49,Y,U,less_40
50,N,U,less_15
51,S,U,higher_40
52,S,,
53,S,U,less_15
54,Y,U,less_15
55,N,U,less_40
56,N,U,less_5
57,N,U,less_40
58,N,U,less_40
59,N,F,less_15
60,N,U,less_15
61,N,F,less_5
62,N,F,less_15
63,N,U,less_15
64,N,U,less_40
65,N,F,less_5
66,N,F,less_40
67,N,U,less_5
68,N,U,higher_40
69,N,U,less_40
70,N,U,less_5
71,N,U,less_40
72,N,U,less_40
73,N,U,less_15
74,N,U,less_40
75,N,U,less_40
76,N,U,less_40
77,Y,,
78,N,U,less_15
79,N,U,
80,N,U,higher_40
81,R,F,less_40
82,N,U,less_40
83,R,U,less_40
84,N,U,less_15
85,N,U,less_40
86,N,U,less_40
87,N,U,less_15
88,N,U,less_15
89,N,U,less_15
90,N,U,less_40
91,N,,
92,N,F,higher_40
93,N,U,less_5
94,N,U,less_40
95,N,U,less_40
96,N,U,less_15
97,S,U,less_5
98,N,F,less_5
99,N,U,less_15
100,Y,F,higher_40
101,R,,less_5
102,N,U,
103,N,F,less_5
104,N,U,less_40
105,N,U,less_5
106,N,U,less_5
107,N,,
108,S,F,less_5
109,S,U,less_5
110,S,U,less_5
111,N,U,less_40
112,S,U,less_5
113,N,,
114,N,F,higher_40
115,N,U,less_40
116,N,U,higher_40
117,N,U,higher_40
118,N,U,less_40
119,N,U,less_15
120,N,U,less_5
121,N,U,less_15
122,N,U,less_40
123,N,U,less_40
124,S,U,less_40
125,N,U,less_5
126,N,U,less_40
127,N,U,less_5
128,Y,U,less_40
129,N,U,less_15
130,N,U,less_40
131,N,U,less_40
132,N,U,less_5
133,N,U,less_40
134,N,U,less_40
135,N,U,less_40
136,Y,U,higher_40
137,N,U,less_15
138,N,U,less_40
139,Y,F,higher_40
140,N,U,less_15
141,N,U,higher_40
142,N,U,less_40
143,N,U,less_40
144,N,U,less_5
145,N,U,less_5
146,N,U,less_15
147,R,F,less_40
148,N,U,less_15
149,R,U,higher_40
150,N,U,less_15
151,R,F,higher_40
152,N,F,less_15
153,N,,
154,N,U,less_15
155,N,U,less_40
156,N,U,less_5
157,N,F,less_15
158,N,U,less_5
159,N,F,less_15
160,N,U,less_15
161,N,U,less_5
162,N,U,less_40
163,N,F,less_5
164,N,U,less_40
165,N,U,less_15
166,N,U,less_40
167,N,U,less_40
168,N,U,less_15
169,N,U,less_15
170,R,F,less_40
171,N,U,
172,N,F,less_15
173,N,U,less_5
174,N,U,less_40
175,N,U,less_5
176,N,U,less_5
177,S,,
178,S,F,less_5
179,S,U,less_15
180,S,U,less_5
181,N,F,less_5
182,N,U,less_15
183,N,F,less_5
184,N,F,less_15
185,Y,U,less_40
186,Y,F,less_40
187,Y,U,less_40
188,Y,U,less_40
189,Y,U,less_40
190,Y,U,higher_40
191,Y,U,less_40
192,Y,U,less_40
193,Y,U,higher_40
194,N,U,less_15
195,R,U,
196,N,U,less_40
197,R,F,higher_40
198,,U,less_15
199,S,F,less_5
200,N,U,less_40
201,N,U,less_15
202,N,U,less_5
203,N,U,less_40
204,Y,U,less_40
205,N,U,less_5
206,N,U,less_15
207,N,U,less_40
208,N,,
209,N,U,higher_40
210,N,U,less_15
211,N,U,less_40
212,N,U,less_40
213,N,U,less_5
214,N,U,less_5
215,N,U,less_40
216,N,U,less_5
217,N,U,less_15
218,N,U,less_15
219,N,U,less_40
220,N,U,less_40
221,R,U,higher_40
222,R,F,higher_40
223,N,U,less_5
224,N,,
225,R,F,higher_40
226,N,U,less_5
227,N,U,less_40
228,N,U,less_40
229,N,U,less_5
230,N,U,less_15
231,N,U,less_5
232,N,U,less_15
233,R,F,higher_40
234,N,U,less_5
235,N,U,less_5
236,N,U,less_40
237,,F,less_40
238,N,U,less_40
239,N,U,less_15
240,N,U,higher_40
241,N,U,less_15
242,S,U,less_40
243,S,F,less_5
244,S,U,less_15
245,S,F,less_5
246,S,U,less_5
247,N,U,less_40
248,N,U,less_5
249,N,U,less_40
250,N,F,less_15
251,R,U,less_40
252,R,F,less_40
253,Y,F,higher_40
254,Y,U,less_40
255,Y,F,higher_40
256,Y,U,less_40
257,N,U,less_15
258,N,,
259,R,F,higher_40
260,,F,less_40
261,R,F,higher_40
262,R,F,higher_40
263,R,U,less_40
264,N,U,less_5
265,N,U,less_40
266,N,U,less_5
267,N,U,less_40
268,N,U,
269,N,U,less_15
270,N,U,higher_40
271,N,U,less_40
272,N,U,less_15
273,N,U,less_40
274,N,U,less_15
275,N,U,less_15
276,N,U,less_15
277,N,U,less_40
278,N,U,less_5
279,N,U,less_15
280,N,U,less_5
281,N,F,less_5
282,N,U,less_15
283,N,U,less_5
284,N,U,less_40
285,N,U,less_5
286,N,U,less_40
287,N,U,less_15
288,N,F,less_15
289,N,U,less_5
290,N,U,less_40
291,Y,F,less_40
292,N,U,less_15
293,Y,F,higher_40
294,N,F,less_5
295,Y,U,less_40
296,N,U,less_40
297,N,U,less_5
298,N,U,less_15
299,N,U,less_40
300,R,F,higher_40
301,R,F,higher_40
302,R,F,higher_40
303,R,U,less_40
304,R,F,higher_40
305,N,U,less_15
306,N,U,less_15
307,N,F,less_40
308,N,U,less_15
309,N,F,less_5
310,N,U,less_5
311,N,U,less_5
312,N,U,less_15
313,N,U,less_40
314,N,F,less_40
315,R,U,less_40
316,N,U,less_5
317,N,U,less_40
318,N,U,less_5
319,N,U,less_5
320,N,U,less_15
321,N,F,less_15
322,N,U,less_40
323,N,U,less_40
324,N,U,less_5
325,R,F,higher_40
326,S,U,less_5
327,S,U,less_5
328,S,,
329,S,U,less_5
330,S,U,less_40
331,N,F,less_5
332,N,U,less_5
333,N,F,less_15
334,Y,U,less_40
335,Y,U,less_40
336,R,F,higher_40
337,R,F,higher_40
338,N,U,less_15
339,R,F,less_15
340,N,U,less_15
341,R,F,higher_40
342,N,U,less_40
343,N,U,
344,R,U,higher_40
345,R,F,less_40
346,S,F,less_15
347,N,U,less_40
348,N,U,less_5
349,N,F,less_5
350,S,U,less_15
351,N,U,less_5
352,N,U,less_15
353,N,U,less_40
354,N,U,less_15
355,N,U,less_40
356,N,U,
357,N,U,less_40
358,N,U,less_40
359,N,U,less_15
360,N,U,less_15
361,N,U,less_40
362,S,U,less_15
363,N,U,less_15
364,Y,U,less_40
365,N,U,less_15
366,N,U,less_40
367,N,U,less_5
368,N,U,less_40
369,N,U,less_40
370,N,U,less_15
371,N,U,less_40
372,N,U,less_5
373,N,U,higher_40
374,N,U,less_40
375,N,F,higher_40
376,N,,
377,R,F,higher_40
378,N,F,less_40
379,N,U,less_40
380,N,,
381,N,U,less_15
382,R,F,less_40
383,N,F,less_5
384,N,U,less_5
385,N,F,less_15
386,N,U,less_40
387,N,U,less_15
388,N,U,less_40
389,N,U,less_5
390,N,U,
391,N,U,less_5
392,N,,
393,N,U,less_40
394,N,U,less_15
395,N,U,less_5
396,N,U,less_5
397,N,U,less_15
398,N,U,less_40
399,N,U,higher_40
400,S,U,less_5
401,S,U,less_15
402,S,F,less_40
403,R,F,higher_40
404,S,F,less_15
405,S,U,less_5
406,N,U,
407,S,F,less_5
408,N,,
409,N,F,less_40
410,N,U,less_5
411,R,U,less_40
412,Y,F,higher_40
413,Y,F,less_40
414,Y,U,less_15
415,Y,U,less_40
416,Y,U,less_5
417,N,U,
418,N,U,less_15
419,N,F,less_40
420,N,U,less_5
421,N,U,less_40
422,S,U,less_5
423,S,U,less_40
424,S,F,less_5
425,S,U,
426,S,U,less_15
427,S,U,less_15
428,N,,
429,S,U,less_15
430,N,U,less_40
431,Y,U,less_40
432,N,U,less_40
433,N,U,less_40
434,N,F,less_5
435,N,U,less_40
436,Y,F,higher_40
437,N,U,less_15
438,N,U,less_40
439,N,U,less_5
440,N,U,less_15
441,N,U,less_5
442,Y,U,higher_40
443,N,F,less_15
444,N,F,less_5
445,N,U,
446,N,U,less_5
447,N,U,less_15
448,N,U,less_40
449,N,U,less_40
450,R,F,higher_40
451,N,U,less_40
452,N,F,less_5
453,N,,
454,N,U,less_40
455,N,U,less_40
456,N,U,less_5
457,N,F,
458,N,F,less_40
459,N,U,less_40
460,N,U,less_40
461,N,U,less_5
462,N,U,less_40
463,N,F,less_5
464,N,U,less_15
465,N,U,less_15
466,N,U,less_40
467,N,F,less_15
468,N,U,less_5
469,N,F,less_15
470,N,U,less_15
471,N,U,less_15
472,N,U,less_40
473,N,F,less_5
474,S,F,less_5
475,S,F,less_40
476,S,U,
477,R,F,higher_40
478,N,F,less_40
479,N,F,less_5
480,N,U,
481,Y,F,less_40
482,Y,,
483,Y,U,less_40
484,N,,
485,N,F,less_40
486,N,U,less_40
487,N,F,less_5
488,N,F,less_5
489,N,U,less_5
490,R,F,higher_40
491,S,F,less_5
492,R,F,higher_40
493,S,U,less_15
494,N,U,less_5
495,N,U,less_5
496,N,U,less_40
497,N,U,less_40
498,N,F,less_15
499,Y,F,less_40
500,N,F,less_40
501,N,F,less_40
502,N,U,less_5
503,S,U,less_5
504,N,U,less_5
505,N,F,less_5
506,N,U,
507,N,F,less_5
508,N,U,less_40
509,N,U,less_5
510,N,U,less_40
511,N,U,less_40
512,Y,U,higher_40
513,N,U,less_15
514,Y,F,less_40
515,N,U,less_40
516,Y,U,less_40
517,N,U,less_5
518,N,U,less_40
519,N,U,
520,N,U,less_15
521,N,U,less_40
522,N,U,less_40
523,N,U,less_40
524,N,U,less_15
525,Y,U,less_40
526,N,U,less_40
527,N,U,less_40
528,Y,F,less_40
529,N,U,less_40
530,N,U,less_40
531,Y,F,less_40
532,N,U,less_15
533,N,F,less_5
534,N,U,higher_40
535,Y,F,less_15
536,N,U,less_15
537,N,U,less_5
538,N,U,less_15
539,N,U,less_5
540,R,F,less_40
541,N,U,less_5
542,R,F,higher_40
543,N,F,higher_40
544,R,F,less_5
545,N,U,less_40
546,N,U,less_40
547,N,F,less_15
548,N,U,less_5
549,N,U,less_15
550,N,F,less_15
551,N,U,
552,N,U,less_15
553,N,U,less_5
554,R,F,higher_40
555,R,F,less_40
556,N,U,less_40
557,Y,F,less_40
558,N,F,less_40
559,N,F,less_15
560,N,U,less_5
561,N,U,less_15
562,N,U,less_5
563,N,U,less_15
564,N,U,less_40
565,N,,
566,N,U,less_5
567,N,U,higher_40
568,R,U,less_15
569,N,U,less_15
570,N,U,less_5
571,N,,
572,N,F,less_5
573,N,U,less_15
574,N,U,less_40
575,N,U,less_40
576,N,U,higher_40
577,N,U,less_15
578,N,U,less_5
579,S,F,less_5
580,S,F,less_5
581,N,F,less_5
582,R,F,less_40
583,N,U,less_40
584,R,F,higher_40
585,N,U,less_40
586,N,,less_5
587,Y,U,less_40
588,Y,F,less_40
589,Y,U,less_40
590,Y,U,less_40
591,N,U,less_15
592,N,U,less_15
593,N,U,less_40
594,N,,
595,N,U,less_5
596,N,F,less_15
597,S,U,less_15
598,R,F,higher_40
599,S,U,less_5
600,R,F,less_40
601,N,U,less_15
602,N,F,less_5
603,N,U,less_40
604,N,U,less_15
605,N,U,less_5
606,N,U,
607,Y,F,higher_40
608,N,U,less_40
609,N,U,less_15
610,N,F,less_5
611,N,U,higher_40
612,Y,U,higher_40
613,N,U,less_40
614,N,U,less_15
615,N,U,
616,N,U,less_15
617,N,U,less_5
618,N,U,less_5
619,N,U,less_5
620,N,U,less_40
621,N,U,less_40
622,N,U,less_40
623,N,,
624,N,U,less_40
625,N,U,higher_40
626,Y,U,less_40
627,N,U,less_40
628,N,U,less_40
629,Y,U,less_40
630,N,U,less_5
631,Y,U,less_40
632,N,U,less_40
633,N,U,less_15
634,N,U,less_40
635,N,U,less_40
636,N,U,less_40
637,N,U,less_15
638,N,U,less_5
639,N,U,less_5
640,N,U,less_15
641,N,U,less_15
642,N,U,less_40
643,N,U,less_5
644,N,U,less_5
645,N,U,less_5
646,N,U,less_15
647,N,F,less_5
648,N,F,less_5
649,N,U,less_15
650,N,U,less_5
651,N,U,less_15
652,N,U,less_15
653,N,U,less_5
654,N,U,less_15
655,N,U,higher_40
656,N,U,less_40
657,N,U,less_40
658,N,U,less_15
659,N,U,less_5
660,N,U,less_5
661,N,U,less_15
662,S,U,less_15
663,S,F,less_5
664,S,U,
665,S,U,less_15
666,S,U,less_40
667,S,U,less_15
668,N,U,less_40
669,N,U,less_5
670,Y,U,less_40
671,Y,U,less_40
672,Y,F,less_40
673,Y,U,less_40
674,Y,U,less_40
675,Y,U,higher_40
676,Y,U,less_40
677,Y,F,less_40
678,R,F,higher_40
679,N,U,less_5
680,R,F,higher_40
681,S,F,less_5
682,R,U,less_40
683,R,U,less_40
684,S,U,less_40
685,,F,higher_40
686,R,U,less_40
687,S,U,less_5
688,N,U,less_5
689,N,U,less_5
690,N,U,less_40
691,N,U,less_40
692,N,U,less_40
693,N,U,less_5
694,N,U,less_5
695,N,U,less_40
696,N,U,less_5
697,Y,U,less_40
698,N,U,less_15
699,N,U,less_5
700,N,U,less_40
701,N,U,less_15
702,N,F,less_40
703,N,U,less_40
704,N,F,less_15
705,N,F,less_40
706,N,U,less_40
707,N,U,less_15
708,N,U,less_40
709,N,F,higher_40
710,N,U,less_40
711,N,U,less_40
712,N,U,less_5
713,N,U,less_5
714,N,U,less_40
715,N,U,less_5
716,N,U,less_15
717,N,U,less_40
718,N,U,less_5
719,S,U,
720,Y,F,less_40
721,N,,
722,N,U,less_5
723,N,F,less_5
724,N,U,less_40
725,N,U,less_40
726,N,U,less_15
727,N,U,less_5
728,Y,U,less_40
729,N,F,less_5
730,N,F,less_5
731,R,F,less_5
732,R,F,higher_40
733,R,F,less_15
734,,F,higher_40
735,N,U,less_40
736,N,U,less_40
737,N,U,less_40
738,N,F,less_40
739,N,U,less_5
740,N,U,less_15
741,N,U,less_5
742,N,U,less_5
743,N,U,less_15
744,R,F,higher_40
745,N,F,less_5
746,N,U,less_40
747,N,U,less_5
748,N,U,less_5
749,N,U,less_15
750,N,U,less_40
751,N,U,less_40
752,N,F,less_15
753,N,U,less_5
754,N,F,less_5
755,N,U,less_5
756,N,F,less_15
757,S,U,less_40
758,S,U,less_40
759,S,U,less_15
760,S,U,less_5
761,R,F,less_40
762,S,U,less_15
763,S,U,less_5
764,R,F,higher_40
765,N,U,less_15
766,R,U,less_40
767,N,F,less_40
768,Y,F,higher_40
769,Y,U,less_40
770,Y,U,higher_40
771,Y,U,
772,Y,F,higher_40
773,Y,U,less_40
774,Y,U,higher_40
775,Y,U,less_40
776,R,U,less_5
777,,F,higher_40
778,R,F,higher_40
779,R,F,higher_40
780,N,U,less_5
781,N,U,less_40
782,N,U,less_40
783,N,U,less_15
784,N,U,less_5
785,N,U,less_5
786,N,U,less_15
787,N,U,less_40
788,Y,,
789,N,U,less_40
790,N,,
791,N,U,less_40
792,N,U,less_15
793,N,U,less_5
794,N,,
795,N,F,less_40
796,N,U,less_40
797,N,F,less_40
798,N,U,less_5
799,N,U,less_15
800,N,U,higher_40
801,N,U,less_40
802,,,
803,N,U,less_40
804,N,U,less_5
805,R,F,higher_40
806,N,U,less_15
807,N,U,less_5
808,N,,
809,N,F,less_15
810,N,U,less_40
811,N,U,less_15
812,N,U,less_5
813,N,U,less_5
814,N,U,less_40
815,N,U,
816,N,F,less_5
817,N,U,less_5
818,N,U,less_40
819,N,U,less_5
820,N,U,less_40
821,N,U,less_15
822,N,U,less_40
823,S,F,less_5
824,S,,
825,S,F,less_5
826,N,U,less_15
827,Y,U,less_40
828,N,U,less_15
829,N,F,less_5
830,N,U,less_15
831,S,F,less_5
832,S,U,
833,N,F,less_15
834,N,U,less_40
835,N,U,higher_40
836,N,U,less_15
837,N,U,less_15
838,S,,
839,N,U,less_15
840,N,U,less_40
841,N,F,less_15
842,Y,U,less_40
843,N,U,less_5
844,N,U,less_40
845,N,U,less_40
846,N,U,less_40
847,N,U,less_15
848,N,U,less_5
849,N,U,less_40
850,N,U,less_5
851,N,U,less_5
852,N,U,less_40
853,Y,U,less_40
854,N,U,less_15
855,N,U,less_40
856,N,U,less_40
857,N,U,less_15
858,N,U,less_15
859,N,U,higher_40
860,Y,U,higher_40
861,N,F,less_5
862,N,U,less_40
863,N,U,less_5
864,N,U,less_40
865,N,,
866,N,U,less_5
867,N,F,less_15
868,R,U,less_40
869,N,U,less_15
870,N,U,less_5
871,N,F,less_5
872,N,U,less_5
873,N,U,less_40
874,N,U,less_40
875,N,U,less_40
876,N,U,less_40
877,N,F,less_5
878,N,F,less_40
879,R,F,higher_40
880,R,U,less_40
881,N,U,less_40
882,N,U,less_15
883,N,U,less_15
884,N,U,higher_40
885,N,U,less_40
886,N,U,less_15
887,R,F,higher_40
888,S,U,less_5
889,S,F,less_40
890,S,F,less_15
891,S,U,less_15
892,S,U,less_15
893,N,U,less_5
894,R,F,less_40
895,N,U,less_15
896,N,U,less_40
897,Y,U,less_40
898,Y,U,less_15
899,Y,U,less_40
900,Y,U,less_15
901,Y,U,less_40
902,Y,F,less_5
903,Y,U,less_40
904,Y,U,less_40
905,N,U,less_15
906,N,U,less_40
907,R,F,higher_40
908,N,,
909,S,U,less_5
910,S,U,
911,R,F,higher_40
912,N,,
913,R,F,higher_40
914,S,F,less_40
915,N,U,
916,N,U,less_40
917,N,U,less_40
918,N,U,less_5
919,N,U,less_15
920,N,U,less_40
921,N,U,less_40
922,N,U,less_15
923,N,U,less_40
924,N,U,less_15
925,N,F,less_5
926,N,U,less_5
927,R,U,less_40
928,N,U,less_5
929,N,U,less_5
930,N,U,
931,N,U,less_5
932,N,U,less_5
933,N,U,less_5
934,N,U,
935,S,U,less_40
936,N,,
937,N,U,less_5
938,N,U,less_40
939,N,U,less_5
940,N,U,less_5
941,N,F,
942,S,U,less_40
943,S,U,less_40
944,S,U,less_15
945,S,U,less_5
946,S,U,less_5
947,S,U,less_40
948,N,U,less_5
949,N,U,less_15
950,S,F,less_5
951,N,U,less_15
952,N,F,less_15
953,N,U,less_15
954,S,U,less_5
955,S,U,less_5
956,S,U,less_15
957,S,U,less_15
958,N,U,less_5
959,N,U,less_40
960,N,U,less_15
961,N,U,
962,N,U,less_40
963,Y,U,less_40
964,N,U,less_15
965,N,U,less_15
966,Y,F,higher_40
967,N,U,less_40
968,N,U,less_15
969,N,U,less_40
970,N,U,less_5
971,N,U,less_15
972,N,U,less_40
973,N,F,less_40
974,N,U,less_40
975,N,U,less_40
976,N,U,less_40
977,Y,U,less_40
978,Y,U,higher_40
979,N,F,less_15
980,N,U,less_40
981,N,U,less_40
982,N,U,less_15
983,N,U,less_15
984,N,U,less_40
985,N,U,less_40
986,N,U,less_5
987,N,,
988,N,U,less_5
989,N,U,less_40
990,N,U,less_40
991,N,U,higher_40
992,N,U,less_5
993,N,U,less_40
994,N,U,less_40
995,N,U,less_5
996,N,U,less_15
997,N,U,less_40
998,N,U,less_5
999,Y,F,higher_40
1000,N,U,
1001,N,F,higher_40
1002,N,U,less_15
1003,N,U,higher_40
1004,N,U,less_5
1005,N,U,less_5
1006,R,F,less_15
1007,N,U,less_15
1008,N,U,less_15
1009,N,U,less_5
1010,N,U,less_15
1011,N,U,less_15
1012,N,,
1013,N,U,less_5
1014,N,U,
1015,N,U,less_5
1016,N,U,less_15
1017,R,F,higher_40
1018,N,U,less_15
1019,N,U,less_5
1020,Y,U,less_40
1021,N,F,less_15
1022,N,U,less_40
1023,N,U,
1024,R,F,higher_40
1025,N,U,less_5
1026,N,U,less_5
1027,N,U,less_40
1028,N,U,less_40
1029,N,U,higher_40
1030,N,U,less_5
1031,N,U,less_15
1032,N,U,less_40
1033,S,F,less_15
1034,S,U,less_40
1035,S,,
1036,N,U,less_5
1037,N,U,less_15
1038,N,U,less_5
1039,N,U,less_5
1040,N,U,less_5
1041,N,,
1042,N,F,less_5
1043,N,U,less_5
1044,N,U,less_40
1045,N,U,less_15
1046,N,U,less_5
1047,N,F,less_5
1048,N,U,less_40
1049,N,F,less_40
1050,N,F,less_15
1051,N,U,less_5
1052,N,F,less_5
1053,N,U,less_5
1054,N,U,less_5
1055,N,,
1056,N,U,less_5
1057,N,U,less_5
1058,N,,
1059,N,U,less_15
1060,N,U,less_15
1061,N,F,less_15
1062,N,U,less_5
1063,N,U,less_15
1064,N,U,less_5
1065,N,U,less_15
1066,N,U,less_40
1067,N,U,less_40
1068,N,U,less_5
1069,N,U,less_5
1070,N,U,less_5
1071,N,F,less_15
1072,S,U,less_5
1073,S,U,less_5
1074,S,U,less_5
1075,S,U,less_15
1076,S,U,less_40
1077,S,U,less_5
1078,S,F,less_5
1079,S,U,less_5
1080,S,U,less_15
1081,S,U,less_40
1082,S,U,less_5
1083,S,U,
1084,S,U,less_5
1085,N,U,less_15
1086,N,U,less_40
1087,N,U,less_40
1088,N,U,less_40
1089,N,U,less_15
1090,N,U,less_5
1091,N,U,less_40
1092,N,U,less_5
1093,N,U,
1094,N,U,less_40
1095,N,U,less_5
1096,S,U,less_40
1097,S,,
1098,S,U,
1099,N,U,less_15
1100,N,U,less_5
1101,N,U,less_15
1102,N,U,less_5
1103,N,U,less_5
1104,S,,
1105,S,,
1106,S,F,less_5
1107,S,U,less_15
1108,N,F,less_15
1109,N,U,less_5
1110,N,F,less_5
1111,N,U,less_5
1112,N,U,less_15
1113,N,U,less_5
1114,N,U,higher_40
1115,N,U,less_15
1116,N,U,less_15
1117,N,U,less_15
1118,N,U,less_40
1119,N,F,less_5
1120,N,U,higher_40
1121,N,U,less_15
1122,N,U,less_40
1123,N,U,less_15
1124,N,U,less_5
1125,N,U,less_15
1126,N,U,less_40
1127,N,U,less_15
1128,N,U,less_5
1129,N,U,less_5
1130,N,U,less_40
1131,N,U,less_40
1132,N,U,less_40
1133,N,U,less_40
1134,N,U,less_40
1135,R,U,less_15
1136,N,U,less_40
1137,N,U,less_15
1138,R,F,less_40
1139,N,U,
1140,N,U,less_40
1141,N,U,less_15
1142,N,U,less_40
1143,N,U,less_15
1144,N,U,less_40
1145,R,U,less_40
1146,N,U,less_5
1147,N,F,less_5
1148,S,U,less_15
1149,N,U,less_5
1150,N,U,less_40
1151,N,U,less_40
1152,N,U,less_15
1153,N,U,less_40
1154,N,F,
1155,N,U,less_5
1156,N,U,less_5
1157,N,U,less_40
1158,N,U,less_40
1159,N,U,less_40
1160,N,U,less_40
1161,N,U,less_15
1162,N,U,less_5
1163,N,U,less_15
1164,N,U,less_40
1165,N,U,less_5
1166,N,U,less_5
1167,N,U,less_40
1168,N,U,less_40
1169,N,U,less_40
1170,N,U,less_5
1171,N,U,less_15
1172,S,U,less_5
1173,S,U,less_5
1174,S,U,less_5
1175,S,U,less_15
1176,S,U,less_15
1177,S,U,less_15
1178,S,U,less_5
1179,S,U,less_5
1180,S,U,less_5
1181,S,U,less_5
1182,S,U,less_5
1183,S,U,less_15
1184,N,U,less_40
1185,N,U,less_5
1186,N,U,less_5
1187,N,U,less_5
1188,Y,F,less_40
1189,N,U,less_15
1190,N,U,less_5
1191,N,,
1192,N,U,less_5
1193,N,U,less_5
1194,N,U,less_40
1195,N,U,less_15
1196,S,U,less_5
1197,N,U,less_15
1198,N,U,less_15
1199,N,U,less_5
1200,N,U,less_5
1201,N,U,less_40
1202,Y,F,less_40
1203,N,U,less_40
1204,N,F,less_15
1205,N,U,less_40
1206,N,F,less_5
1207,N,U,less_40
1208,N,U,less_5
1209,N,F,less_5
1210,N,F,less_15
1211,Y,F,higher_40
1212,N,U,less_15
1213,N,U,less_40
1214,N,F,less_5
1215,N,U,less_15
1216,N,U,less_15
1217,S,U,less_5
1218,N,F,less_40
1219,N,U,less_5
1220,N,U,less_5
1221,N,U,less_15
1222,N,U,less_5
1223,N,U,less_40
1224,N,U,less_40
1225,N,U,less_40
1226,N,U,less_40
1227,N,U,less_5
1228,N,U,less_40
1229,N,U,higher_40
1230,N,U,less_40
1231,N,U,less_40
1232,N,U,less_5
1233,N,U,less_40
1234,N,U,less_5
1235,N,U,less_5
1236,N,F,less_5
1237,N,U,less_15
1238,N,U,
1239,N,U,
1240,N,U,less_5
1241,Y,U,less_15
1242,N,U,less_40
1243,Y,U,higher_40
1244,N,F,less_5
1245,N,U,less_40
1246,N,U,less_15
1247,N,U,less_5
1248,R,U,less_5
1249,N,F,less_15
1250,S,F,less_5
1251,S,,
1252,S,U,less_15
1253,S,U,less_15
1254,S,U,less_40
1255,S,U,less_15
1256,N,U,less_5
1257,N,U,less_15
1258,N,U,less_40
1259,N,U,less_5
1260,N,U,less_5
1261,N,U,less_5
1262,N,U,less_5
1263,N,U,less_15
1264,N,F,
1265,N,F,less_5
1266,N,U,less_5
1267,N,U,less_40
1268,N,U,less_15
1269,N,U,less_40
1270,N,U,less_40
1271,N,U,less_40
1272,N,U,less_15
1273,N,U,less_15
1274,N,U,less_15
1275,N,U,less_40
1276,S,U,less_5
1277,S,F,less_5
1278,S,U,less_5
1279,S,U,less_5
1280,S,F,less_15
1281,S,U,less_5
1282,S,U,less_5
1283,S,F,less_5
1284,S,U,less_5
1285,S,U,less_5
1286,S,U,less_40
1287,N,U,less_15
1288,N,U,less_5
1289,S,U,less_15
1290,N,U,less_40
1291,N,U,less_40
1292,N,U,less_5
1293,N,U,less_5
1294,N,U,
1295,N,U,less_5
1296,N,U,less_15
1297,Y,F,higher_40
1298,N,U,less_15
1299,N,U,less_15
1300,N,U,less_5
1301,N,U,less_15
1302,Y,U,less_40
1303,N,U,less_5
1304,N,U,less_5
1305,N,U,less_40
1306,N,U,less_15
1307,N,U,less_5
1308,N,U,less_5
1309,N,U,less_5
1310,N,U,less_40
1311,N,U,less_5
1312,N,U,less_15
1313,N,,
1314,N,F,higher_40
1315,N,F,less_5
1316,N,U,less_5
1317,N,F,less_15
1318,N,U,less_15
1319,N,U,less_15
1320,N,U,less_5
1321,N,U,less_40
1322,N,U,less_15
1323,N,U,less_5
1324,N,U,less_40
1325,N,U,less_5
1326,N,U,less_40
1327,N,U,less_15
1328,N,U,less_15
1329,N,U,less_15
1330,N,U,less_5
1331,N,U,less_40
1332,N,U,less_40
1333,N,U,less_40
1334,N,U,less_15
1335,N,U,less_5
1336,N,U,less_40
1337,N,U,less_40
1338,N,U,less_15
1339,N,,
1340,N,U,less_15
1341,N,U,less_15
1342,N,U,less_5
1343,N,F,less_40
1344,N,U,
1345,N,U,less_40
1346,N,U,less_5
1347,N,U,less_40
1348,N,U,less_15
1349,N,U,less_15
1350,N,U,less_40
1351,Y,F,less_40
1352,N,U,less_40
1353,N,F,
1354,N,U,less_40
1355,N,U,less_15
1356,N,F,less_40
1357,N,U,less_40
1358,N,U,less_5
1359,N,,
1360,N,U,less_40
1361,N,U,less_40
1362,N,F,less_40
1363,N,U,less_5
1364,N,U,less_40
1365,R,,
1366,R,U,higher_40
1367,R,F,higher_40
1368,R,F,higher_40
1369,N,U,less_5
1370,N,U,less_40
1371,N,U,less_5
1372,N,U,less_15
1373,N,U,less_15
1374,R,F,higher_40
1375,N,F,less_5
1376,N,U,less_5
1377,N,U,less_40
1378,N,U,less_15
1379,N,U,less_5
1380,N,U,less_15
1381,N,U,less_40
1382,N,U,less_5
1383,N,,
1384,N,U,less_40
1385,N,U,less_5
1386,Y,F,less_5
1387,Y,U,less_15
1388,N,U,less_15
1389,N,U,less_15
1390,N,U,less_40
1391,N,U,less_15
1392,N,U,less_40
1393,N,U,less_15
1394,N,U,less_5
1395,N,U,less_40
1396,N,U,
1397,N,F,less_5
1398,N,U,less_5
1399,N,U,less_40
1400,N,U,less_15
1401,N,U,less_5
1402,S,F,higher_40
1403,S,U,less_5
1404,S,F,
1405,R,F,higher_40
1406,S,U,less_5
1407,S,U,less_15
1408,S,F,less_5
1409,S,U,less_5
1410,S,F,less_5
1411,S,U,less_5
1412,S,F,less_5
1413,S,U,less_5
1414,S,F,less_5
1415,S,U,less_5
1416,S,U,less_5
1417,S,U,less_15
1418,N,U,less_15
1419,N,U,less_5
1420,N,U,less_15
1421,N,U,less_40
1422,N,U,less_15
1423,N,U,
1424,N,U,higher_40
1425,N,U,less_15
1426,N,U,less_5
1427,N,U,less_5
1428,N,U,less_5
1429,N,U,
1430,N,U,less_40
1431,N,U,less_40
1432,N,U,less_5
1433,N,F,less_5
1434,N,,
1435,N,U,less_40
1436,N,U,less_5
1437,N,F,less_5
1438,N,U,less_15
1439,N,F,
1440,N,U,less_5
1441,N,U,less_5
1442,N,U,less_15
1443,N,,less_5
1444,N,U,less_5
1445,N,U,less_40
1446,N,F,less_5
1447,N,U,less_5
1448,N,U,less_40
1449,N,U,less_40
1450,N,U,less_5
1451,N,U,less_5
1452,N,U,
1453,N,U,less_5
1454,N,U,less_40
1455,N,F,less_5
1456,N,U,less_40
1457,N,U,less_40
1458,N,U,less_15
1459,N,U,less_5
1460,N,F,less_15
1461,S,U,less_15
1462,S,U,less_40
1463,S,,
1464,S,F,less_5
1465,S,U,less_5
1466,S,U,less_5
1467,S,U,less_5
1468,S,F,less_5
1469,S,U,less_15
1470,S,U,less_5
1471,S,U,less_15
1472,S,F,less_5
1473,S,F,less_40
1474,S,U,less_40
1475,S,,
1476,S,U,less_40
1477,S,U,less_15
1478,S,U,less_15
1479,S,U,less_40
1480,S,U,less_5
1481,S,U,less_5
1482,S,U,less_5
1483,N,U,higher_40
1484,N,U,less_40
1485,N,U,less_40
1486,N,U,less_40
1487,N,U,less_40
1488,N,U,less_40
1489,N,U,less_15
1490,N,U,less_5
1491,N,U,less_40
1492,N,U,less_15
1493,N,U,less_40
1494,N,U,less_40
1495,S,U,less_5
1496,N,U,less_40
1497,N,U,less_5
1498,N,U,less_5
1499,N,U,less_5
1500,N,U,less_5
1501,N,U,less_5
1502,N,U,less_5
1503,N,,
1504,N,F,less_5
1505,N,U,less_15
1506,N,U,less_40
1507,N,U,less_15
1508,N,F,less_5
1509,N,U,less_15
1510,N,U,less_5
1511,N,U,less_5
1512,N,U,less_15
1513,N,U,less_40
1514,N,U,less_40
1515,N,F,less_5
1516,N,U,less_40
1517,N,U,less_5
1518,N,U,less_40
1519,N,U,less_40
1520,N,U,less_15
1521,N,U,less_15
1522,N,U,less_15
1523,N,U,less_40
1524,Y,U,higher_40
1525,N,U,less_40
1526,N,U,less_5
1527,N,U,less_40
1528,N,U,higher_40
1529,N,U,less_40
1530,R,F,less_40
1531,N,U,higher_40
1532,N,,
1533,N,F,less_5
1534,N,U,less_5
1535,N,F,less_5
1536,N,U,less_40
1537,N,U,less_40
1538,Y,U,less_15
1539,Y,F,higher_40
1540,N,U,less_15
1541,N,U,less_40
1542,N,U,less_5
1543,N,F,less_15
1544,N,F,less_15
1545,N,F,less_5
1546,R,U,less_15
1547,S,,
1548,S,U,less_15
1549,S,U,less_5
1550,S,F,less_5
1551,S,F,less_40
1552,S,U,less_15
1553,N,U,less_40
1554,N,U,less_15
1555,N,U,
1556,N,U,less_5
1557,N,U,less_15
1558,N,U,less_15
1559,N,U,
1560,N,U,less_5
1561,N,U,less_5
1562,N,U,less_15
1563,N,U,less_15
1564,N,U,less_15
1565,N,F,less_5
1566,N,U,less_15
1567,N,U,less_15
1568,N,U,less_5
1569,N,U,less_5
1570,N,,
1571,N,U,less_40
1572,N,U,less_5
1573,N,U,less_40
1574,N,U,less_40
1575,N,U,less_40
1576,N,U,less_5
1577,N,U,less_40
1578,N,U,less_40
1579,N,U,less_15
1580,N,U,less_5
1581,N,U,less_40
1582,N,U,less_40
1583,S,U,less_15
1584,S,,
1585,S,F,less_5
1586,S,F,less_40
1587,S,U,less_40
1588,S,U,less_15
1589,S,F,less_15
1590,S,,
1591,N,F,less_15
1592,N,U,less_5
1593,N,U,less_40
1594,N,U,less_15
1595,N,U,less_15
1596,N,U,less_40
1597,N,U,less_5
1598,N,U,higher_40
1599,N,U,less_40
1600,N,U,less_40
1601,N,U,less_40
1602,N,U,
1603,N,U,higher_40
1604,N,U,less_5
1605,N,F,less_40
1606,N,U,less_5
1607,N,U,less_15
1608,N,U,less_15
1609,N,U,less_40
1610,Y,U,higher_40
1611,N,U,less_15
1612,N,,
1613,N,U,
1614,N,U,less_40
1615,N,U,less_15
1616,N,U,less_5
1617,N,U,less_5
1618,N,U,less_15
1619,N,U,less_5
1620,N,U,less_40
1621,N,U,less_40
1622,N,U,less_40
1623,N,U,less_15
1624,N,U,less_15
1625,N,U,less_40
1626,N,U,less_40
1627,N,U,less_40
1628,,F,higher_40
1629,N,U,less_15
1630,,F,less_5
1631,N,U,less_15
1632,N,U,less_40
1633,N,U,less_5
1634,N,U,less_15
1635,N,U,less_40
1636,N,U,less_40
1637,N,U,less_40
1638,Y,U,less_40
1639,N,U,higher_40
1640,N,U,less_5
1641,N,U,less_5
1642,N,U,less_40
1643,N,U,less_40
1644,N,F,less_15
1645,N,U,less_40
1646,S,F,less_5
1647,S,U,less_5
1648,N,F,less_5
1649,N,U,less_40
1650,N,,
1651,N,F,less_15
1652,N,U,less_5
1653,N,U,less_40
1654,N,F,less_15
1655,N,U,less_5
1656,N,U,less_40
1657,N,U,less_40
1658,N,U,less_40
1659,N,U,less_5
1660,N,U,less_5
1661,N,U,less_15
1662,N,U,less_40
1663,N,U,less_40
1664,N,U,less_5
1665,N,U,less_40
1666,N,U,less_40
1667,N,U,less_15
1668,N,U,less_40
1669,N,U,less_15
1670,N,F,less_40
1671,N,F,less_5
1672,N,U,less_40
1673,S,,
1674,S,U,less_5
1675,S,U,less_5
1676,S,U,less_5
1677,S,U,less_5
1678,N,U,
1679,N,U,less_5
1680,N,U,less_15
1681,N,U,less_40
1682,N,U,less_15
1683,N,F,less_15
1684,N,U,less_15
1685,N,U,less_15
1686,N,,
1687,Y,U,less_40
1688,N,U,less_40
1689,N,U,less_15
1690,N,U,less_5
1691,N,U,less_15
1692,N,U,less_40
1693,N,U,less_5
1694,N,U,less_15
1695,N,U,less_15
1696,N,U,less_40
1697,N,U,less_40
1698,N,U,less_5
1699,N,U,less_40
1700,N,U,less_5
1701,N,U,less_5
1702,N,U,less_5
1703,N,U,less_5
1704,N,U,less_15
1705,N,U,less_5
1706,N,U,less_15
1707,N,U,less_5
1708,N,U,less_40
1709,N,U,less_5
1710,N,U,higher_40
1711,N,U,less_40
1712,N,U,less_5
1713,N,U,less_5
1714,N,U,less_5
1715,N,U,less_5
1716,N,F,less_5
1717,N,U,less_40
1718,S,U,less_5
1719,N,U,less_5
1720,N,U,less_40
1721,N,U,less_15
1722,N,U,less_15
1723,N,U,higher_40
1724,N,U,less_5
1725,,U,less_5
1726,N,U,less_40
1727,N,F,higher_40
1728,N,U,less_15
1729,Y,U,higher_40
1730,Y,F,less_40
1731,Y,F,less_15
1732,Y,F,less_40
1733,N,U,less_15
1734,N,U,less_5
1735,N,U,less_15
1736,N,U,less_40
1737,N,U,less_5
1738,N,U,less_40
1739,S,U,less_5
1740,S,U,less_15
1741,N,U,less_5
1742,N,,
1743,N,,
1744,N,U,less_40
1745,N,U,less_40
1746,N,U,less_15
1747,N,U,less_15
1748,N,F,less_15
1749,N,U,less_15
1750,N,F,less_15
1751,N,U,less_5
1752,N,U,less_15
1753,N,F,less_5
1754,N,U,less_15
1755,N,U,less_5
1756,N,U,less_5
1757,N,U,less_5
1758,N,U,less_40
1759,N,U,less_15
1760,N,U,less_15
1761,N,U,less_40
1762,N,U,less_15
1763,N,U,less_5
1764,S,U,less_5
1765,S,U,less_5
1766,S,U,
1767,S,U,less_15
1768,S,U,
1769,S,U,less_5
1770,S,U,less_5
1771,N,U,higher_40
1772,N,U,less_15
1773,N,U,less_40
1774,N,F,less_5
1775,N,U,less_5
1776,N,F,less_5
1777,N,U,less_40
1778,N,U,less_15
1779,N,U,less_5
1780,N,U,less_40
1781,N,U,less_5
1782,N,U,less_40
1783,N,U,less_15
1784,N,U,less_15
1785,N,U,less_5
1786,N,U,less_15
1787,N,U,less_40
1788,N,U,less_40
1789,N,U,less_40
1790,N,U,less_40
1791,N,U,less_40
1792,N,U,less_5
1793,N,U,less_15
1794,R,F,
1795,N,U,less_15
1796,R,F,less_5
1797,R,F,higher_40
1798,N,F,less_5
1799,N,U,less_15
1800,N,U,less_5
1801,N,F,less_5
1802,N,U,less_15
1803,N,U,less_40
1804,N,F,less_15
1805,S,U,less_15
1806,S,U,
1807,S,U,less_5
1808,N,U,
1809,N,U,less_40
1810,N,U,less_5
1811,N,U,less_40
1812,N,U,less_5
1813,N,U,less_15
1814,N,U,higher_40
1815,N,U,less_15
1816,N,U,less_5
1817,N,U,less_5
1818,N,U,less_5
1819,N,U,less_40
1820,N,U,less_15
1821,N,U,less_5
1822,R,F,less_40
1823,N,F,less_5
1824,S,U,less_5
1825,N,U,less_5
1826,S,U,
1827,N,U,less_15
1828,N,U,less_5
1829,N,U,less_40
1830,N,F,less_5
1831,N,U,less_15
1832,N,U,less_40
1833,N,U,less_40
1834,N,U,less_5
1835,N,U,less_5
1836,N,U,less_5
1837,N,U,less_5
1838,N,F,less_15
1839,S,U,less_15
1840,N,U,less_5
1841,N,U,less_40
1842,N,U,less_15
1843,N,U,less_5
1844,N,U,higher_40
1845,N,U,less_40
1846,N,U,less_5
1847,N,U,less_40
1848,N,U,less_40
1849,N,U,less_5
1850,N,U,less_15
1851,N,F,less_40
1852,R,U,higher_40
1853,R,F,less_40
1854,N,U,less_40
1855,N,U,less_40
1856,N,U,less_5
1857,N,U,less_5
1858,N,,
1859,N,U,less_40
1860,N,U,less_15
1861,N,U,less_5
1862,N,F,less_5
1863,N,U,less_5
1864,N,F,less_15
1865,N,U,less_5
1866,N,U,less_5
1867,N,U,less_5
1868,N,U,less_5
1869,N,U,
1870,N,U,less_40
1871,N,U,less_5
1872,N,U,less_40
1873,N,U,less_15
1874,N,U,less_5
1875,N,U,less_40
1876,N,U,less_15
1877,S,U,less_5
1878,S,U,less_40
1879,S,U,less_5
1880,S,U,less_5
1881,S,U,less_5
1882,S,U,less_5
1883,S,U,less_5
1884,N,F,less_40
1885,N,F,less_40
1886,N,U,less_15
1887,N,U,less_5
1888,N,U,less_15
1889,N,U,less_5
1890,N,U,less_40
1891,N,U,less_5
1892,N,U,less_15
1893,N,U,less_40
1894,N,F,less_15
1895,N,U,less_40
1896,N,U,higher_40
1897,N,U,less_15
1898,N,U,less_5
1899,N,F,less_15
1900,N,U,less_15
1901,N,U,less_5
1902,N,U,less_5
1903,N,U,less_5
1904,N,U,less_15
1905,N,U,less_5
1906,N,U,less_15
1907,N,U,less_15
1908,N,F,less_15
1909,N,U,less_5
1910,N,U,less_15
1911,N,U,less_40
1912,N,U,less_5
1913,N,U,less_15
1914,R,F,higher_40
1915,S,U,less_5
1916,N,U,less_40
1917,N,U,less_15
1918,N,U,less_5
1919,R,F,higher_40
1920,N,F,less_5
1921,N,U,higher_40
1922,N,U,less_5
1923,N,U,less_5
1924,S,U,less_5
1925,Y,F,less_15
1926,N,U,less_40
1927,N,U,less_40
1928,Y,U,less_40
1929,N,U,less_40
1930,N,U,less_5
1931,N,U,less_40
1932,N,U,less_15
1933,N,U,less_5
1934,N,U,less_40
1935,R,F,higher_40
1936,N,U,less_40
1937,N,U,less_5
1938,S,U,less_15
1939,S,U,less_5
1940,N,U,less_5
1941,N,U,higher_40
1942,N,U,less_15
1943,N,U,less_40
1944,N,U,less_15
1945,N,U,less_40
1946,Y,F,higher_40
1947,N,U,less_40
1948,N,U,
1949,N,U,less_40
1950,N,U,less_5
1951,N,U,less_40
1952,N,U,less_5
1953,N,U,less_5
1954,N,U,less_40
1955,N,U,less_5
1956,N,U,less_40
1957,N,U,less_15
1958,N,U,less_5
1959,S,U,less_5
1960,N,U,less_40
1961,N,U,less_5
1962,N,U,less_5
1963,N,U,less_5
1964,N,U,less_15
1965,N,U,less_40
1966,N,U,less_5
1967,N,U,less_5
1968,N,U,less_5
1969,N,U,less_15
1970,N,U,less_40
1971,Y,U,less_40
1972,N,U,less_15
1973,N,U,less_5
1974,N,U,less_40
1975,S,,
1976,S,F,less_5
1977,N,U,less_15
1978,S,U,less_40
1979,N,U,less_40
1980,N,,
1981,N,U,less_15
1982,N,U,less_15
1983,R,F,less_40
1984,N,U,less_40
1985,N,U,less_5
1986,N,U,less_40
1987,N,U,less_15
1988,N,U,less_40
1989,N,U,less_15
1990,N,U,less_40
1991,N,U,less_5
1992,N,U,less_5
1993,N,U,less_5
1994,N,U,less_40
1995,N,U,less_40
1996,N,U,less_40
1997,N,U,less_15
1998,N,U,less_15
1999,N,U,higher_40
2000,N,F,less_40
2001,N,F,higher_40
2002,N,U,less_15
2003,N,U,less_40
2004,N,U,less_40
2005,N,U,less_5
2006,N,U,less_15
2007,N,U,less_15
2008,N,U,less_15
2009,N,U,less_40
2010,N,U,less_40
2011,S,U,less_5
2012,N,U,less_5
2013,N,U,less_40
2014,N,U,
2015,N,U,less_40
2016,N,U,less_40
2017,N,U,less_5
2018,N,U,higher_40
2019,N,U,less_15
2020,N,U,less_15
2021,N,U,less_15
2022,N,U,less_15
2023,N,U,less_5
2024,N,U,less_40
2025,N,U,
2026,N,U,
2027,N,U,less_40
2028,Y,U,less_40
2029,N,U,
2030,N,U,less_40
2031,N,U,less_40
2032,N,F,less_5
2033,N,U,less_40
2034,N,U,less_40
2035,N,U,less_40
2036,N,U,less_15
2037,N,U,less_15
2038,N,U,less_5
2039,N,U,less_15
2040,Y,F,higher_40
2041,N,U,less_40
2042,N,U,less_15
2043,N,U,less_5
2044,N,U,less_15
2045,N,U,less_15
2046,N,U,less_15
2047,N,U,less_40
2048,N,U,less_5
2049,N,U,
2050,N,U,less_5
2051,N,U,less_40
2052,N,U,less_15
2053,N,U,
2054,N,U,less_15
2055,N,U,less_40
2056,N,U,less_40
2057,N,U,higher_40
2058,N,U,less_40
2059,N,U,less_40
2060,N,U,less_15
2061,N,U,less_5
2062,N,U,less_40
2063,S,U,less_15
2064,N,U,less_5
2065,N,F,less_40
2066,N,U,less_40
2067,N,U,less_5
2068,N,U,less_40
2069,N,U,less_40
2070,N,U,less_40
2071,N,U,less_5
2072,N,U,less_5
2073,N,U,less_5
2074,N,U,less_15
2075,N,U,
2076,N,U,less_5
2077,N,U,less_5
2078,N,U,less_15
2079,N,U,less_40
2080,N,U,less_40
2081,N,U,less_40
2082,N,U,less_40
2083,N,U,higher_40
2084,N,U,less_40
2085,N,U,less_5
2086,N,U,less_40
2087,N,U,less_40
2088,N,U,less_40
2089,N,U,less_5
2090,N,U,less_40
2091,N,U,less_5
2092,N,U,less_40
2093,R,U,less_40
2094,N,U,less_5
2095,N,U,less_40
2096,N,U,less_5
2097,N,F,less_5
2098,N,U,less_15
2099,N,U,less_40
2100,N,U,less_40
2101,N,F,less_40
2102,N,U,less_5
2103,N,U,less_40
2104,N,U,less_5
2105,N,U,less_40
2106,N,F,less_5
2107,N,U,less_15
2108,N,U,less_5
2109,N,U,less_15
2110,N,U,less_40
2111,N,U,less_5
2112,N,U,less_40
2113,N,,
2114,N,U,less_40
2115,N,F,less_15
2116,N,U,less_5
2117,N,U,less_15
2118,N,U,less_5
2119,N,U,less_5
2120,N,U,less_5
2121,Y,F,less_5
2122,Y,F,higher_40
2123,Y,F,higher_40
2124,Y,U,less_15
2125,N,U,less_5
2126,N,U,
2127,N,U,less_40
2128,N,F,less_15
2129,N,U,
2130,N,F,less_5
2131,N,U,less_15
2132,N,U,less_5
2133,N,U,less_40
2134,N,U,less_15
2135,N,U,less_15
2136,N,F,less_15
2137,N,U,less_15
2138,N,U,less_40
2139,N,U,less_40
2140,N,F,less_5
2141,N,U,less_5
2142,N,U,less_5
2143,N,,
2144,N,U,less_5
2145,N,F,less_40
2146,N,U,less_5
2147,N,U,less_15
2148,N,U,less_15
2149,N,F,less_5
2150,N,F,less_5
2151,N,U,less_5
2152,N,U,less_5
2153,N,U,higher_40
2154,N,U,less_40
2155,N,U,
2156,N,U,less_5
2157,N,U,less_5
2158,N,F,less_5
2159,N,U,less_5
2160,N,U,less_15
2161,N,U,less_5
2162,S,U,less_15
2163,S,U,higher_40
2164,S,U,less_5
2165,S,U,less_40
2166,S,F,
2167,S,U,less_15
2168,R,F,less_40
2169,S,U,less_15
2170,S,U,less_5
2171,S,U,less_40
2172,S,U,less_15
2173,S,U,less_15
2174,S,U,less_5
2175,S,,
2176,S,F,less_5
2177,S,,
2178,S,U,less_5
2179,N,U,less_15
2180,N,U,less_15
2181,N,U,less_5
2182,N,F,less_15
2183,N,U,less_5
2184,N,U,less_40
2185,N,U,less_15
2186,N,U,less_15
2187,N,U,less_15
2188,N,U,less_40
2189,N,U,less_5
2190,N,U,less_15
2191,N,F,less_5
2192,N,U,less_40
2193,N,F,less_15
2194,N,U,less_5
2195,N,U,less_5
2196,N,F,less_15
2197,N,U,less_5
2198,N,U,less_5
2199,N,U,less_40
2200,S,U,less_5
2201,S,U,
2202,S,U,less_5
2203,S,F,less_5
2204,S,U,less_5
2205,S,U,less_15
2206,S,F,less_40
2207,S,U,less_15
2208,S,U,less_5
2209,N,U,less_40
2210,N,U,
2211,N,U,less_40
2212,N,U,less_15
2213,N,U,less_40
2214,N,U,
2215,N,U,less_15
2216,N,F,less_5
2217,N,U,less_15
2218,N,U,less_40
2219,N,U,less_40
2220,N,F,less_5
2221,N,U,less_40
2222,N,U,less_40
2223,N,U,less_40
2224,N,U,less_40
2225,N,U,less_15
2226,N,F,less_5
2227,N,U,less_15
2228,N,U,less_15
2229,N,,
2230,N,U,less_40
2231,N,U,less_15
2232,N,U,less_15
2233,N,U,less_40
2234,N,U,less_40
2235,N,U,higher_40
2236,N,U,less_15
2237,R,U,less_15
2238,N,U,less_5
2239,N,U,less_5
2240,N,U,less_5
2241,N,U,less_5
2242,N,U,less_5
2243,N,U,less_40
2244,N,U,less_5
2245,N,U,less_40
2246,Y,U,less_40
2247,Y,F,higher_40
2248,N,U,less_15
2249,N,U,less_40
2250,N,U,less_5
2251,R,F,
2252,N,U,less_40
2253,N,U,less_15
2254,N,U,less_5
2255,N,F,less_15
2256,N,U,less_40
2257,N,U,less_5
2258,N,F,less_5
2259,N,U,less_5
2260,N,U,less_15
2261,N,U,less_15
2262,N,U,less_5
2263,S,U,less_15
2264,N,U,less_40
2265,N,U,less_5
2266,N,U,less_40
2267,N,U,
2268,N,U,less_5
2269,N,,
2270,N,U,less_40
2271,N,U,less_40
2272,N,U,less_40
2273,N,U,less_5
2274,N,U,less_40
2275,N,U,less_5
2276,N,U,
2277,N,U,less_5
2278,N,U,less_5
2279,N,U,less_5
2280,N,U,less_5
2281,N,U,less_40
2282,N,U,less_40
2283,N,U,less_15
2284,N,U,less_5
2285,N,U,less_5
2286,N,U,less_40
2287,N,U,less_40
2288,N,U,less_5
2289,N,U,less_5
2290,N,U,
2291,N,U,less_15
2292,N,U,less_40
2293,N,U,less_5
2294,N,U,less_15
2295,N,U,less_15
2296,S,,
2297,S,U,less_5
2298,S,U,higher_40
2299,N,U,less_15
2300,N,U,less_40
2301,N,U,less_5
2302,S,U,less_15
2303,S,F,less_40
2304,N,U,less_5
2305,N,U,
2306,N,U,less_15
2307,N,U,less_40
2308,Y,U,less_40
2309,N,U,less_40
2310,N,U,less_40
2311,N,U,less_40
2312,N,U,less_5
2313,N,U,less_40
2314,N,U,less_15
2315,N,,
2316,N,U,less_5
2317,S,U,less_5
2318,S,U,less_40
2319,S,U,less_15
2320,N,U,less_5
2321,S,U,
2322,Y,U,less_40
2323,N,U,less_40
2324,N,U,less_40
2325,N,F,less_40
2326,N,U,higher_40
2327,N,U,less_40
2328,N,U,less_5
2329,N,U,less_5
2330,N,U,less_40
2331,N,U,less_5
2332,N,U,less_15
2333,N,U,less_5
2334,N,U,less_5
2335,N,F,less_5
2336,N,U,higher_40
2337,N,U,less_5
2338,N,F,less_5
2339,N,U,less_40
2340,S,U,less_40
2341,S,U,less_15
2342,N,U,less_5
2343,Y,U,less_40
2344,N,F,less_15
2345,N,U,less_5
2346,N,F,less_5
2347,N,U,higher_40
2348,N,U,less_5
2349,R,F,less_40
2350,N,U,less_40
2351,N,U,less_5
2352,N,U,less_5
2353,N,U,less_40
2354,N,U,less_5
2355,S,U,less_5
2356,N,U,less_5
2357,N,U,less_15
2358,N,U,less_40
2359,N,U,less_40
2360,S,U,less_5
2361,N,U,less_5
2362,N,U,less_5
2363,N,U,less_40
2364,N,U,less_40
2365,N,U,less_5
2366,N,U,less_15
2367,N,F,less_5
2368,N,U,less_5
2369,N,F,less_15
2370,N,F,less_5
2371,N,,
2372,N,F,less_40
2373,N,U,less_15
2374,S,U,less_5
2375,S,U,less_15
2376,N,U,less_5
2377,N,U,less_5
2378,N,U,less_5
2379,S,F,less_5
2380,S,F,less_40
2381,N,,
2382,N,F,less_5
2383,N,U,less_40
2384,N,U,
2385,N,U,less_15
2386,N,U,less_15
2387,N,U,less_40
2388,N,F,less_15
2389,N,U,less_40
2390,N,U,less_5
2391,S,U,less_5
2392,N,U,less_40
2393,N,U,less_40
2394,N,U,less_15
2395,N,U,higher_40
2396,N,U,less_40
2397,N,U,less_5
2398,N,U,less_5
2399,N,U,less_40
2400,N,U,less_15
2401,N,U,less_40
2402,N,U,higher_40
2403,N,,
2404,N,U,
2405,N,U,less_15
2406,N,U,less_5
2407,N,U,less_5
2408,N,F,less_5
2409,N,F,
2410,S,U,less_5
2411,N,U,higher_40
2412,N,U,less_40
2413,S,U,less_5
2414,N,F,less_40
2415,S,U,
2416,N,U,less_5
2417,N,U,less_40
2418,N,,
2419,N,U,less_40
2420,N,U,less_5
2421,N,U,less_5
2422,N,U,
2423,N,U,less_40
2424,N,U,less_40
2425,N,U,less_5
2426,N,U,less_5
2427,N,U,less_40
2428,N,U,less_5
2429,N,U,less_40
2430,N,U,less_5
2431,N,U,higher_40
2432,N,U,less_40
2433,N,U,less_5
2434,Y,F,less_40
2435,N,U,less_40
2436,N,U,less_15
2437,N,U,less_15
2438,Y,F,higher_40
2439,N,U,less_5
2440,N,U,less_40
2441,N,U,less_40
2442,N,U,less_15
2443,N,F,less_5
2444,N,U,
2445,Y,F,less_5
2446,N,U,less_15
2447,N,U,
2448,N,U,less_40
2449,N,U,less_5
2450,N,U,less_15
2451,N,U,less_5
2452,N,U,less_40
2453,N,U,less_5
2454,Y,U,less_40
2455,Y,U,less_15
2456,N,U,less_40
2457,N,U,less_15
2458,N,U,less_5
2459,N,U,less_40
2460,N,F,less_15
2461,N,U,less_5
2462,N,U,less_40
2463,N,U,less_15
2464,N,U,less_40
2465,N,U,less_40
2466,N,U,less_5
2467,N,U,less_40
2468,N,U,less_5
2469,N,U,less_15
2470,N,U,higher_40
2471,N,U,less_5
2472,Y,F,higher_40
2473,Y,F,higher_40
2474,N,U,less_40
2475,N,U,
2476,N,U,less_40
2477,N,U,less_15
2478,N,U,less_5
2479,N,U,less_5
2480,N,F,less_5
2481,N,U,less_40
2482,N,U,less_15
2483,N,F,less_5
2484,N,U,higher_40
2485,Y,F,higher_40
2486,N,U,less_40
2487,Y,F,less_15
2488,N,U,less_40
2489,N,U,less_5
2490,N,U,less_5
2491,Y,U,less_40
2492,N,U,less_5
2493,N,U,less_5
2494,N,U,less_15
2495,N,F,less_5
2496,N,F,less_5
2497,N,U,less_5
2498,N,U,higher_40
2499,N,U,less_5
2500,N,U,less_40
2501,N,U,less_5
2502,N,U,less_5
2503,N,U,less_5
2504,N,U,less_40
2505,N,U,less_15
2506,N,U,less_15
2507,N,U,less_5
2508,N,U,less_40
2509,N,U,less_40
2510,N,U,less_40
2511,N,U,less_40
2512,N,U,less_5
2513,N,U,
2514,S,U,less_5
2515,N,U,higher_40
2516,N,U,less_40
2517,N,U,less_40
2518,N,U,less_5
2519,N,F,less_5
2520,Y,U,
2521,N,U,less_5
2522,Y,U,less_5
2523,N,U,less_40
2524,Y,F,less_5
2525,N,U,less_40
2526,N,U,less_40
2527,N,U,less_40
2528,N,U,less_15
2529,N,U,less_5
2530,N,U,less_40
2531,N,U,less_5
2532,N,U,
2533,N,U,higher_40
2534,N,U,less_40
2535,N,U,less_40
2536,N,U,less_40
2537,N,U,less_5
2538,N,U,less_5
2539,N,U,less_40
2540,N,,
2541,N,U,less_40
2542,R,F,higher_40
2543,N,U,less_15
2544,R,F,higher_40
2545,N,U,less_5
2546,N,F,less_40
2547,N,F,less_40
2548,R,F,less_5
2549,R,U,less_40
2550,R,F,less_40
2551,N,U,less_40
2552,N,U,less_15
2553,N,U,less_40
2554,N,U,less_40
2555,N,U,less_5
2556,N,F,less_5
2557,N,U,less_40
2558,N,U,less_5
2559,N,F,
2560,N,F,less_15
2561,N,U,less_40
2562,N,U,less_15
2563,N,U,less_40
2564,N,F,less_15
2565,N,U,less_5
2566,N,U,less_15
2567,N,U,less_5
2568,N,U,less_15
2569,N,U,less_15
2570,R,U,less_40
2571,N,U,less_5
2572,N,U,less_40
2573,N,U,less_15
2574,N,U,less_40
2575,N,U,less_40
2576,S,U,less_40
2577,S,U,less_15
2578,R,F,less_5
2579,N,U,less_40
2580,N,U,less_15
2581,,U,higher_40
2582,N,U,less_15
2583,N,U,less_40
2584,N,,
2585,N,U,less_40
2586,N,U,less_40
2587,N,,
2588,N,U,less_40
2589,N,U,less_40
2590,N,U,less_40
2591,N,U,less_15
2592,N,F,less_40
2593,N,U,less_5
2594,N,,
2595,N,U,less_40
2596,N,U,less_40
2597,N,F,less_5
2598,N,U,less_5
2599,N,U,less_40
2600,N,,
2601,N,U,less_5
2602,N,U,less_5
2603,N,U,less_15
2604,N,U,less_15
2605,N,F,less_5
2606,N,U,less_15
2607,N,U,less_5
2608,N,U,less_5
2609,N,,
2610,N,,
2611,N,U,higher_40
2612,N,U,less_15
2613,N,U,less_15
2614,N,U,less_40
2615,N,U,less_40
2616,N,U,less_40
2617,N,U,less_40
2618,N,F,less_5
2619,N,U,less_40
2620,N,U,less_40
2621,Y,F,less_40
2622,Y,F,higher_40
2623,Y,F,higher_40
2624,Y,F,less_40
2625,Y,U,higher_40
2626,Y,F,higher_40
2627,Y,U,less_40
2628,Y,F,less_40
2629,Y,U,higher_40
2630,Y,F,higher_40
2631,Y,U,less_40
2632,Y,F,less_40
2633,Y,U,less_40
2634,N,U,less_5
2635,N,U,less_40
2636,N,F,less_40
2637,R,F,higher_40
2638,N,U,less_40
2639,N,F,less_40
2640,N,U,less_15
2641,N,U,less_5
2642,N,U,less_15
2643,R,U,less_40
2644,N,U,less_15
2645,N,U,less_5
2646,N,U,less_40
2647,N,U,less_5
2648,N,U,less_5
2649,N,U,less_5
2650,N,U,less_40
2651,N,U,less_5
2652,N,U,less_5
2653,N,U,less_5
2654,N,U,less_5
2655,N,U,less_40
2656,N,U,less_40
2657,N,U,less_40
2658,N,U,less_15
2659,N,U,less_40
2660,N,U,
2661,N,,
2662,N,U,
2663,N,F,less_40
2664,N,F,less_5
2665,R,F,higher_40
2666,S,F,less_15
2667,S,U,less_15
2668,S,U,less_5
2669,S,,
2670,S,U,
2671,S,U,less_15
2672,S,U,less_5
2673,S,U,
2674,S,F,less_5
2675,S,U,less_5
2676,S,U,less_5
2677,S,F,less_5
2678,S,F,less_5
2679,R,U,less_40
2680,S,F,less_5
2681,S,U,less_15
2682,S,U,less_5
2683,S,U,less_40
2684,S,F,less_5
2685,N,U,less_5
2686,S,F,less_5
2687,R,U,higher_40
2688,S,U,less_5
2689,S,U,less_5
2690,S,U,less_5
2691,S,U,less_15
2692,S,U,less_15
2693,N,U,less_15
2694,N,U,less_40
2695,N,U,less_5
2696,N,U,less_40
2697,N,U,
2698,N,U,less_40
2699,N,F,less_5
2700,N,U,higher_40
2701,N,U,less_5
2702,N,U,less_15
2703,N,F,less_5
2704,N,U,less_15
2705,N,U,less_15
2706,N,U,less_15
2707,N,F,less_15
2708,N,U,less_5
2709,N,U,less_40
2710,N,U,less_15
2711,N,U,less_5
2712,N,U,less_40
2713,N,F,less_15
2714,N,U,higher_40
2715,N,U,less_15
2716,N,U,less_5
2717,N,U,less_5
2718,N,U,less_15
2719,N,F,less_15
2720,N,U,less_40
2721,N,U,less_40
2722,N,U,less_40
2723,N,U,less_40
2724,N,U,less_40
2725,N,U,less_5
2726,N,F,less_5
2727,N,U,higher_40
2728,N,F,less_5
2729,,F,higher_40
2730,R,U,less_40
2731,N,F,less_15
2732,N,U,higher_40
2733,N,U,less_5
2734,N,U,less_5
2735,N,U,less_5
2736,N,U,less_40
2737,N,U,less_15
2738,N,U,less_15
2739,N,U,less_5
2740,R,F,less_40
2741,N,F,less_5
2742,N,F,higher_40
2743,S,F,less_5
2744,R,U,higher_40
2745,N,U,less_15
2746,R,F,higher_40
2747,N,F,
2748,N,U,less_40
2749,R,U,higher_40
2750,N,U,less_15
2751,Y,U,less_40
2752,Y,U,higher_40
2753,Y,U,higher_40
2754,Y,F,higher_40
2755,Y,U,higher_40
2756,Y,U,less_40
2757,N,U,less_15
2758,N,U,less_15
2759,N,U,less_40
2760,N,U,less_15
2761,N,U,less_5
2762,N,F,less_40
2763,N,U,less_40
2764,N,U,less_15
2765,N,U,higher_40
2766,N,U,less_15
2767,N,U,less_5
2768,N,U,less_5
2769,N,U,less_40
2770,N,U,less_15
2771,Y,F,less_40
2772,N,U,less_5
2773,N,U,less_15
2774,Y,F,higher_40
2775,N,U,less_15
2776,N,U,less_15
2777,N,F,less_40
2778,N,F,less_5
2779,N,U,less_5
2780,N,U,less_5
2781,N,U,less_15
2782,N,F,less_40
2783,N,U,higher_40
2784,N,U,less_5
2785,N,U,less_5
2786,N,U,less_5
2787,S,U,less_5
2788,N,U,less_40
2789,N,U,less_40
2790,Y,U,less_5
2791,N,U,less_40
2792,N,U,less_15
2793,N,F,less_40
2794,N,U,less_5
2795,N,U,less_15
2796,N,F,less_40
2797,N,U,less_15
2798,N,F,less_5
2799,N,U,less_40
2800,N,U,
2801,N,U,less_40
2802,N,U,less_40
2803,N,U,less_40
2804,N,F,less_15
2805,N,U,less_40
2806,N,U,less_15
2807,N,U,less_5
2808,N,U,less_40
2809,N,U,less_15
2810,Y,F,less_40
2811,N,U,less_15
2812,N,U,less_40
2813,N,U,less_5
2814,N,U,less_40
2815,N,U,less_5
2816,N,U,less_40
2817,N,F,less_40
2818,N,U,less_15
2819,N,U,less_5
2820,N,F,less_15
2821,N,U,less_5
2822,N,U,less_40
2823,N,U,less_5
2824,N,U,less_15
2825,Y,U,less_40
2826,N,U,less_5
2827,N,U,less_15
2828,N,U,less_15
2829,N,U,higher_40
2830,N,F,higher_40
2831,Y,U,higher_40
2832,S,F,
2833,N,U,less_40
2834,N,U,less_40
2835,N,U,less_40
2836,N,U,less_5
2837,Y,F,less_40
2838,N,F,less_15
2839,N,U,less_5
2840,Y,U,less_40
2841,N,U,less_5
2842,N,U,less_15
2843,N,U,less_15
2844,N,F,less_40
2845,N,U,less_15
2846,S,U,less_5
2847,N,U,less_40
2848,N,U,less_40
2849,N,,
2850,N,U,less_40
2851,N,U,less_40
2852,N,U,less_40
2853,N,U,less_40
2854,N,U,less_40
2855,N,U,less_40
2856,N,U,less_40
2857,Y,U,higher_40
2858,N,U,less_15
2859,N,U,
2860,N,U,less_15
2861,N,U,higher_40
2862,N,U,less_5
2863,N,U,less_40
2864,N,,
2865,N,U,less_15
2866,N,U,less_40
2867,N,,
2868,N,U,less_15
2869,R,F,less_40
2870,N,U,
2871,N,U,less_5
2872,N,U,
2873,N,U,less_15
2874,N,F,less_5
2875,N,U,less_40
2876,N,U,less_15
2877,N,,
2878,N,U,less_5
2879,N,U,less_5
2880,N,U,less_5
2881,N,U,less_5
2882,N,F,less_40
2883,N,U,less_15
2884,S,F,less_40
2885,S,U,less_5
2886,S,U,less_5
2887,S,U,less_5
2888,S,U,less_15
2889,S,,
2890,N,F,less_5
2891,N,U,higher_40
2892,N,,
2893,N,U,less_15
2894,N,U,less_5
2895,N,U,less_40
2896,N,U,less_15
2897,Y,U,higher_40
2898,Y,F,higher_40
2899,Y,F,less_5
2900,Y,,
2901,Y,U,higher_40
2902,Y,U,less_40
2903,Y,U,less_40
2904,Y,U,less_40
2905,Y,,
2906,Y,U,higher_40
2907,Y,U,less_15
2908,Y,U,less_40
2909,Y,F,higher_40
2910,N,U,less_5
2911,N,U,less_15
2912,N,U,less_15
2913,N,U,less_40
2914,N,U,less_40
2915,N,U,less_40
2916,R,F,higher_40
2917,R,F,less_40
2918,N,U,less_5
2919,N,F,less_15
2920,N,F,less_5
2921,N,U,less_15
2922,N,U,less_15
2923,S,,
2924,S,U,
2925,R,U,higher_40
2926,R,F,less_40
2927,R,F,higher_40
2928,R,U,less_40
2929,R,F,less_40
2930,S,U,less_40
2931,S,U,less_15
2932,S,U,less_5
2933,S,F,less_5
2934,N,U,less_5
2935,N,F,less_5
2936,Y,U,less_15
2937,N,U,less_40
2938,N,,
2939,N,U,less_40
2940,S,F,less_5
2941,N,U,less_40
2942,N,U,less_40
2943,N,,
2944,N,U,less_15
2945,N,U,less_5
2946,N,U,less_40
2947,N,U,less_15
2948,N,U,less_40
2949,Y,U,less_40
2950,Y,U,less_40
2951,Y,F,higher_40
2952,N,U,less_15
2953,N,U,less_5
2954,N,U,less_40
2955,N,U,less_15
2956,N,U,
2957,N,U,higher_40
2958,N,U,less_5
2959,N,F,higher_40
2960,N,U,less_40
2961,N,,
2962,N,U,
2963,N,U,less_15
2964,N,U,less_40
2965,N,U,less_5
2966,N,U,less_40
2967,N,U,less_5
2968,N,U,less_15
2969,N,F,less_15
2970,Y,U,less_40
2971,N,U,less_40
2972,N,F,less_15
2973,N,U,less_15
2974,N,F,higher_40
2975,N,F,less_15
2976,N,U,less_5
2977,N,U,less_40
2978,N,U,less_40
2979,,F,higher_40
2980,N,U,less_40
2981,N,U,less_5
2982,N,U,less_40
2983,,F,higher_40
2984,N,U,less_15
2985,N,U,less_40
2986,N,U,less_15
2987,N,U,less_40
2988,N,U,less_5
2989,N,U,less_40
2990,S,U,less_5
2991,S,U,less_5
2992,R,F,less_5
2993,R,F,less_40
2994,N,F,less_5
2995,N,U,less_15
2996,N,U,less_40
2997,N,U,less_40
2998,N,U,less_5
2999,N,F,less_5
3000,N,U,less_15
3001,N,U,less_15
3002,N,U,less_15
3003,N,U,
3004,N,F,less_40
3005,N,U,less_40
3006,Y,F,less_40
3007,N,U,less_15
3008,N,U,less_5
3009,N,U,less_15
3010,N,U,less_40
3011,N,U,less_40
3012,N,U,less_5
3013,N,F,less_15
3014,N,U,less_15
3015,N,U,higher_40
3016,N,U,less_5
3017,N,U,less_5
3018,N,U,less_40
3019,N,U,less_15
3020,N,U,less_15
3021,N,U,less_40
3022,S,U,less_15
3023,S,U,less_40
3024,S,F,less_5
3025,S,U,less_15
3026,S,U,less_15
3027,S,U,less_15
3028,S,,
3029,R,F,higher_40
3030,S,F,less_15
3031,S,U,less_15
3032,N,U,less_5
3033,N,F,less_40
3034,N,U,less_40
3035,N,U,less_40
3036,N,U,
3037,Y,U,less_40
3038,N,U,
3039,Y,U,less_40
3040,N,U,less_40
3041,N,U,less_5
3042,N,U,
3043,Y,U,less_15
3044,N,U,less_40
3045,N,U,less_5
3046,N,U,less_40
3047,N,U,
3048,N,U,less_15
3049,N,U,less_40
3050,N,U,less_15
3051,N,U,less_40
3052,N,U,less_40
3053,N,U,less_40
3054,N,U,less_40
3055,N,U,less_40
3056,N,U,less_40
3057,S,U,less_5
3058,N,U,less_40
3059,N,U,less_40
3060,N,U,less_15
3061,N,U,less_5
3062,N,U,less_5
3063,N,U,less_5
3064,N,U,less_15
3065,N,U,less_40
3066,N,U,less_40
3067,N,U,less_5
3068,N,U,less_40
3069,N,U,less_15
3070,N,U,less_5
3071,N,U,less_15
3072,N,U,less_5
3073,N,U,less_40
3074,N,,
3075,N,U,less_15
3076,N,U,less_15
3077,N,F,less_15
3078,N,U,less_40
3079,N,U,less_15
3080,N,U,less_15
3081,N,U,less_15
3082,N,,
3083,N,F,less_15
3084,N,U,less_15
3085,N,U,less_15
3086,N,U,less_15
3087,N,U,less_5
3088,N,U,less_40
3089,Y,F,higher_40
3090,N,U,less_5
3091,N,U,less_40
3092,N,U,less_5
3093,N,U,less_40
3094,N,U,less_40
3095,Y,F,higher_40
3096,N,U,less_5
3097,Y,U,less_40
3098,N,U,less_5
3099,N,U,less_5
3100,N,U,less_40
3101,N,U,less_5
3102,N,,
3103,N,U,less_40
3104,N,U,less_5
3105,N,U,less_15
3106,N,U,higher_40
3107,N,U,less_40
3108,N,U,less_40
3109,N,U,less_5
3110,Y,U,less_15
3111,N,U,less_5
3112,N,U,less_5
3113,N,U,less_5
3114,N,U,less_5
3115,N,U,less_40
3116,N,U,less_15
3117,N,F,less_15
3118,N,U,
3119,N,U,higher_40
3120,R,U,less_40
3121,N,U,less_40
3122,N,U,
3123,N,,
3124,N,U,less_15
3125,R,F,higher_40
3126,N,U,less_15
3127,N,U,less_40
3128,N,U,higher_40
3129,N,F,less_5
3130,N,U,less_15
3131,N,U,less_5
3132,N,F,less_40
3133,N,U,less_40
3134,N,F,less_15
3135,N,U,less_5
3136,N,U,less_40
3137,R,F,less_40
3138,R,F,higher_40
3139,N,U,less_40
3140,N,U,less_5
3141,R,U,less_40
3142,N,F,less_5
3143,N,U,
3144,S,U,less_5
3145,S,F,less_5
3146,S,U,less_40
3147,S,U,
3148,R,F,higher_40
3149,S,F,less_5
3150,S,U,less_5
3151,R,F,higher_40
3152,R,F,higher_40
3153,R,F,less_5
3154,S,U,less_5
3155,N,U,less_40
3156,N,U,less_5
3157,N,U,less_5
3158,,F,higher_40
3159,N,U,less_5
3160,N,U,less_5
3161,N,F,less_15
3162,N,,
3163,N,U,less_40
3164,N,F,less_5
3165,N,U,less_5
3166,N,U,less_5
3167,N,U,less_15
3168,N,U,less_5
3169,N,U,less_5
3170,N,F,less_5
3171,N,U,less_15
3172,N,F,less_15
3173,N,U,less_40
3174,N,U,less_40
3175,N,U,less_5
3176,N,U,less_5
3177,N,U,less_15
3178,N,U,less_40
3179,N,U,less_5
3180,N,U,less_15
3181,N,U,less_40
3182,N,U,less_15
3183,N,F,less_5
3184,N,U,less_5
3185,N,,
3186,N,U,less_5
3187,N,F,less_40
3188,R,F,higher_40
3189,N,U,less_15
3190,Y,U,less_40
3191,Y,U,less_15
3192,Y,F,less_15
3193,Y,U,less_40
3194,Y,U,higher_40
3195,Y,U,higher_40
3196,Y,U,less_40
3197,Y,F,higher_40
3198,Y,U,higher_40
3199,N,U,less_40
3200,N,U,less_15
3201,N,U,less_40
3202,N,U,less_5
3203,N,U,less_15
3204,N,U,less_5
3205,N,,
3206,R,F,higher_40
3207,N,U,less_15
3208,N,U,less_15
3209,N,U,less_15
3210,N,F,less_5
3211,R,F,less_40
3212,N,U,less_15
3213,N,U,less_40
3214,N,U,less_5
3215,N,U,less_40
3216,N,U,less_15
3217,N,U,less_5
3218,N,F,less_5
3219,N,F,less_5
3220,N,U,less_15
3221,N,U,less_40
3222,N,U,less_40
3223,N,U,less_15
3224,R,F,higher_40
3225,N,,
3226,S,U,less_40
3227,S,U,less_5
3228,S,U,less_5
3229,S,U,less_5
3230,S,U,less_5
3231,S,F,less_5
3232,S,U,less_5
3233,S,U,less_15
3234,S,F,less_15
3235,S,U,less_5
3236,R,U,less_40
3237,S,U,less_5
3238,S,U,less_40
3239,R,F,less_40
3240,S,U,less_15
3241,S,U,less_5
3242,R,F,higher_40
3243,R,F,higher_40
3244,S,U,less_5
3245,S,F,less_15
3246,S,U,less_5
3247,S,U,less_5
3248,S,U,less_5
3249,N,U,less_40
3250,N,U,less_15
3251,N,U,less_40
3252,N,U,less_15
3253,N,U,less_40
3254,N,U,less_15
3255,N,U,less_5
3256,N,U,higher_40
3257,N,U,less_15
3258,N,F,less_5
3259,N,U,less_15
3260,N,U,less_5
3261,N,U,less_15
3262,Y,U,higher_40
3263,N,U,less_5
3264,N,U,less_15
3265,N,U,less_15
3266,N,U,less_40
3267,N,U,less_40
3268,N,U,less_5
3269,N,U,less_40
3270,N,U,less_15
3271,N,U,less_5
3272,N,U,less_40
3273,N,U,less_15
3274,N,U,less_5
3275,N,,
3276,N,U,less_5
3277,N,U,less_15
3278,N,U,less_5
3279,N,U,less_40
3280,N,U,less_5
3281,N,U,less_15
3282,N,U,less_15
3283,N,U,less_5
3284,N,U,less_15
3285,N,U,less_40
3286,N,U,less_5
3287,N,F,less_15
3288,N,U,less_5
3289,N,U,less_40
3290,N,U,
3291,Y,F,higher_40
3292,Y,U,less_40
3293,N,U,less_40
3294,N,F,higher_40
3295,N,U,less_40
3296,Y,F,less_40
3297,N,U,less_5
3298,R,U,higher_40
3299,N,U,less_15
3300,N,F,less_40
3301,N,F,less_15
3302,N,U,less_15
3303,N,U,less_40
3304,N,U,less_40
3305,N,U,less_40
3306,R,F,higher_40
3307,N,U,less_15
3308,N,U,less_5
3309,N,U,less_40
3310,N,U,less_40
3311,S,F,less_5
3312,S,,
3313,S,U,less_15
3314,R,F,higher_40
3315,N,F,less_40
3316,N,,
3317,N,U,less_5
3318,N,U,less_5
3319,N,U,less_40
3320,N,U,less_15
3321,N,U,less_5
3322,N,U,less_40
3323,N,U,less_5
3324,N,U,less_40
3325,N,,
3326,N,U,less_5
3327,N,U,less_40
3328,N,U,less_5
3329,N,U,less_40
3330,N,U,less_5
3331,N,U,less_15
3332,N,U,less_5
3333,N,U,less_5
3334,N,U,less_40
3335,Y,U,less_15
3336,Y,U,less_5
3337,Y,F,less_40
3338,N,U,less_5
3339,N,U,less_40
3340,N,U,less_40
3341,N,U,less_40
3342,R,F,higher_40
3343,N,U,less_15
3344,N,U,less_15
3345,R,U,higher_40
3346,N,U,less_5
3347,N,U,less_5
3348,N,U,less_5
3349,N,U,less_40
3350,R,F,higher_40
3351,S,,
3352,S,U,less_15
3353,S,F,less_15
3354,S,F,less_5
3355,S,U,less_40
3356,S,U,less_5
3357,S,U,less_5
3358,S,U,less_5
3359,S,F,less_40
3360,S,U,less_5
3361,S,U,less_5
3362,N,U,higher_40
3363,N,U,less_40
3364,N,U,less_15
3365,N,,
3366,N,F,less_40
3367,N,U,less_40
3368,N,,
3369,N,U,higher_40
3370,Y,F,less_40
3371,N,U,less_15
3372,N,U,higher_40
3373,Y,U,higher_40
3374,N,U,less_40
3375,N,U,less_40
3376,Y,F,higher_40
3377,N,U,higher_40
3378,N,F,higher_40
3379,N,U,higher_40
3380,N,U,less_40
3381,N,U,
3382,N,U,less_40
3383,N,U,less_40
3384,N,U,less_5
3385,N,U,less_40
3386,N,F,less_5
3387,S,F,less_5
3388,N,F,less_15
3389,N,U,
3390,R,U,less_40
3391,N,U,less_5
3392,N,U,less_40
3393,N,U,less_40
3394,N,U,less_5
3395,Y,U,higher_40
3396,N,F,less_5
3397,N,U,less_15
3398,N,U,less_5
3399,N,U,less_40
3400,N,U,less_5
3401,N,U,less_5
3402,N,U,less_15
3403,N,U,less_15
3404,N,U,higher_40
3405,N,U,less_40
3406,S,,
3407,S,U,less_5
3408,S,F,less_5
3409,N,U,less_15
3410,N,U,less_40
3411,N,U,less_5
3412,N,U,less_40
3413,N,U,less_5
3414,N,,
3415,N,U,higher_40
3416,N,U,less_40
3417,N,U,less_40
3418,N,U,less_5
3419,N,U,
3420,N,U,less_40
3421,N,F,less_5
3422,N,U,less_40
3423,N,U,less_15
3424,N,U,
3425,N,U,less_40
3426,N,U,less_15
3427,N,U,less_5
3428,N,U,less_40
3429,Y,F,higher_40
3430,N,U,less_5
3431,N,U,less_40
3432,Y,F,less_5
3433,N,U,less_40
3434,N,U,less_15
3435,N,U,less_15
3436,N,U,less_5
3437,N,U,less_5
3438,N,U,less_15
3439,N,U,less_40
3440,N,U,less_40
3441,N,U,less_5
3442,N,U,less_40
3443,N,U,less_5
3444,N,U,less_40
3445,N,U,less_5
3446,N,U,less_15
3447,N,U,less_40
3448,N,U,less_5
3449,N,U,less_40
3450,N,U,less_15
3451,N,U,less_5
3452,N,U,less_5
3453,R,F,higher_40
3454,N,U,less_40
3455,N,U,less_5
3456,N,U,less_5
3457,N,F,less_40
3458,R,F,less_40
3459,S,F,less_5
3460,R,U,less_40
3461,S,,
3462,N,U,less_40
3463,N,U,less_15
3464,N,,
3465,N,U,less_40
3466,N,U,less_15
3467,N,U,less_40
3468,N,U,less_5
3469,N,F,less_5
3470,N,F,less_5
3471,N,U,less_5
3472,N,F,less_5
3473,N,U,less_15
3474,N,U,less_40
3475,N,U,less_40
3476,N,U,less_5
3477,N,U,less_5
3478,N,U,less_40
3479,Y,F,less_40
3480,Y,F,less_40
3481,Y,U,less_5
3482,Y,U,less_40
3483,Y,U,less_5
3484,Y,U,higher_40
3485,N,U,less_40
3486,N,U,less_40
3487,N,U,less_40
3488,N,U,less_15
3489,N,U,less_40
3490,N,U,less_5
3491,N,U,less_40
3492,N,U,less_15
3493,N,U,less_15
3494,S,U,less_40
3495,S,U,less_5
3496,S,U,less_5
3497,S,F,less_5
3498,S,U,less_5
3499,S,U,less_5
3500,S,,
3501,S,U,less_40
3502,S,F,less_5
3503,N,U,less_5
3504,N,U,less_15
3505,N,,
3506,N,U,less_40
3507,N,F,less_5
3508,N,U,less_40
3509,N,U,less_40
3510,N,U,less_15
3511,N,U,less_5
3512,N,U,less_15
3513,N,F,less_15
3514,N,U,less_5
3515,N,U,less_40
3516,N,U,less_40
3517,N,U,less_5
3518,N,U,less_5
3519,N,U,less_40
3520,Y,U,less_15
3521,Y,F,less_40
3522,Y,F,higher_40
3523,N,U,less_40
3524,N,U,less_5
3525,N,U,less_5
3526,N,U,less_5
3527,N,U,less_5
3528,N,U,less_5
3529,N,F,less_15
3530,N,U,less_15
3531,N,U,less_5
3532,N,U,less_5
3533,N,U,less_5
3534,Y,F,higher_40
3535,N,U,less_15
3536,N,U,less_5
3537,N,U,less_40
3538,N,U,less_5
3539,N,U,less_15
3540,N,F,less_40
3541,N,U,less_40
3542,N,U,less_15
3543,S,U,less_5
3544,S,U,less_40
3545,N,U,less_15
3546,N,U,less_40
3547,N,U,less_15
3548,N,U,less_40
3549,N,U,less_5
3550,N,U,less_40
3551,N,U,less_40
3552,N,F,less_5
3553,N,U,less_40
3554,N,U,less_40
3555,N,U,less_5
3556,N,U,
3557,N,U,less_15
3558,N,U,less_15
3559,N,U,less_15
3560,N,U,less_40
3561,N,F,less_15
3562,N,U,less_40
3563,N,U,less_40
3564,N,U,less_40
3565,N,U,less_40
3566,N,F,less_15
3567,N,U,less_5
3568,N,F,less_5
3569,N,F,less_5
3570,N,U,
3571,N,U,less_5
3572,N,U,less_40
3573,N,U,less_15
3574,N,U,less_15
3575,N,U,less_15
3576,N,U,less_5
3577,N,U,less_40
3578,N,U,less_40
3579,N,U,less_15
3580,N,U,less_40
3581,N,U,less_5
3582,N,U,less_5
3583,N,U,less_5
3584,N,U,less_40
3585,N,U,less_15
3586,N,U,less_40
3587,N,U,less_15
3588,Y,U,less_40
3589,N,U,less_15
3590,N,U,less_15
3591,N,U,less_15
3592,N,U,less_40
3593,N,F,less_40
3594,N,U,less_15
3595,N,U,less_40
3596,N,U,higher_40
3597,N,U,less_5
3598,N,U,less_40
3599,N,U,less_5
3600,N,U,less_40
3601,N,U,less_15
3602,N,U,less_15
3603,N,F,less_5
3604,N,U,less_15
3605,N,U,less_40
3606,N,U,less_15
3607,N,U,less_40
3608,N,U,less_40
3609,N,U,less_40
3610,N,U,less_40
3611,N,U,less_15
3612,N,U,less_40
3613,R,U,less_15
3614,R,F,higher_40
3615,R,F,higher_40
3616,N,U,less_15
3617,N,U,less_15
3618,N,U,higher_40
3619,N,U,less_40
3620,N,U,higher_40
3621,N,U,less_5
3622,N,U,less_40
3623,R,F,less_40
3624,N,U,less_40
3625,N,U,less_15
3626,N,U,less_5
3627,R,F,less_40
3628,N,U,less_5
3629,N,U,less_15
3630,N,U,less_40
3631,N,U,less_5
3632,N,U,less_5
3633,N,U,less_40
3634,N,U,less_5
3635,N,U,less_40
3636,N,U,less_5
3637,N,U,less_40
3638,N,U,less_5
3639,N,U,less_40
3640,N,U,less_5
3641,S,F,less_15
3642,R,F,higher_40
3643,R,F,higher_40
3644,R,,
3645,S,,
3646,S,U,less_5
3647,N,U,less_15
3648,N,U,less_5
3649,N,U,less_5
3650,N,U,less_40
3651,N,U,less_5
3652,R,F,less_40
3653,N,U,less_5
3654,N,F,less_5
3655,N,U,less_15
3656,N,,
3657,N,U,less_5
3658,N,U,less_15
3659,N,U,less_5
3660,N,U,less_40
3661,N,U,less_40
3662,N,U,less_5
3663,N,F,less_5
3664,N,U,less_5
3665,N,U,less_5
3666,N,U,less_5
3667,N,U,less_5
3668,N,F,less_15
3669,N,U,
3670,N,U,less_15
3671,N,U,less_40
3672,N,U,less_15
3673,N,U,less_40
3674,N,U,higher_40
3675,N,U,less_15
3676,N,,
3677,R,U,less_40
3678,N,U,less_15
3679,R,F,higher_40
3680,N,U,less_15
3681,N,U,less_40
3682,N,U,less_15
3683,N,U,less_5
3684,N,U,less_5
3685,R,F,less_40
3686,N,U,less_5
3687,N,U,less_5
3688,N,U,less_15
3689,N,U,less_15
3690,Y,U,less_40
3691,Y,U,higher_40
3692,Y,U,less_40
3693,Y,U,less_40
3694,Y,U,less_40
3695,Y,U,higher_40
3696,Y,U,less_40
3697,Y,F,less_40
3698,N,U,less_5
3699,N,U,less_5
3700,N,U,less_15
3701,N,F,less_15
3702,N,U,less_15
3703,N,U,less_5
3704,N,F,less_5
3705,R,F,less_40
3706,N,U,less_15
3707,N,U,less_40
3708,N,U,less_15
3709,N,U,less_15
3710,N,U,less_40
3711,N,U,less_5
3712,N,U,
3713,N,F,less_5
3714,N,U,less_15
3715,N,U,less_5
3716,N,U,less_15
3717,N,F,higher_40
3718,R,F,higher_40
3719,R,F,higher_40
3720,N,U,less_5
3721,N,U,less_15
3722,N,U,less_5
3723,N,U,less_40
3724,N,U,less_40
3725,N,U,less_15
3726,N,U,less_40
3727,N,U,less_5
3728,N,U,less_15
3729,N,U,less_40
3730,R,F,higher_40
3731,N,F,less_5
3732,N,U,less_15
3733,N,U,less_15
3734,N,U,less_5
3735,S,U,higher_40
3736,S,U,less_5
3737,S,U,less_5
3738,S,U,less_5
3739,S,F,less_5
3740,S,F,less_5
3741,S,F,less_5
3742,R,U,less_40
3743,S,U,less_5
3744,R,F,less_40
3745,S,U,
3746,S,F,less_15
3747,S,U,less_5
3748,S,U,less_5
3749,S,U,less_40
3750,S,U,less_5
3751,S,F,less_15
3752,S,U,less_5
3753,N,U,less_5
3754,N,U,less_40
3755,N,U,less_40
3756,N,U,less_40
3757,N,U,less_40
3758,Y,F,less_40
3759,N,U,less_5
3760,N,U,less_40
3761,N,U,less_15
3762,N,F,less_5
3763,N,F,less_5
3764,N,U,less_15
3765,Y,F,higher_40
3766,N,U,less_40
3767,Y,F,less_40
3768,N,F,less_5
3769,N,U,less_15
3770,N,U,less_40
3771,N,U,less_15
3772,N,U,
3773,N,U,less_40
3774,N,U,less_40
3775,N,U,less_15
3776,N,U,less_40
3777,N,F,less_5
3778,N,U,less_15
3779,N,U,less_15
3780,N,U,less_15
3781,N,U,less_40
3782,N,U,less_15
3783,N,U,less_5
3784,N,U,less_40
3785,N,U,less_5
3786,N,U,less_40
3787,N,U,less_15
3788,N,U,less_15
3789,N,,
3790,N,U,less_5
3791,N,U,less_15
3792,N,U,less_15
3793,N,U,less_5
3794,N,U,less_15
3795,N,U,less_40
3796,N,U,less_15
3797,N,U,less_40
3798,N,U,less_40
3799,N,U,less_15
3800,N,U,less_40
3801,N,U,less_5
3802,N,U,less_40
3803,N,U,less_40
3804,N,U,less_15
3805,N,F,less_5
3806,N,U,higher_40
3807,N,U,less_5
3808,N,U,less_40
3809,N,U,less_40
3810,N,U,less_40
3811,N,U,less_5
3812,N,U,less_5
3813,N,U,
3814,Y,U,less_40
3815,N,U,less_5
3816,N,U,less_15
3817,N,U,
3818,N,U,less_40
3819,N,U,less_40
3820,N,U,less_15
3821,Y,F,higher_40
3822,Y,F,less_15
3823,N,U,less_15
3824,Y,U,less_40
3825,N,F,less_40
3826,N,U,less_40
3827,N,U,less_15
3828,N,U,less_15
3829,N,U,less_5
3830,S,U,less_15
3831,N,U,less_40
3832,N,U,less_40
3833,N,U,less_5
3834,N,U,less_5
3835,Y,U,less_40
3836,Y,F,less_40
3837,N,F,less_40
3838,N,U,less_5
3839,N,U,less_40
3840,N,U,less_40
3841,N,U,less_40
3842,N,U,less_40
3843,N,,
3844,N,U,higher_40
3845,N,U,
3846,N,U,less_5
3847,N,U,less_5
3848,N,U,less_15
3849,N,F,less_5
3850,N,U,less_40
3851,N,U,less_15
3852,N,U,less_40
3853,N,U,less_5
3854,N,U,less_15
3855,N,U,less_15
3856,R,U,less_40
3857,N,U,higher_40
3858,N,U,higher_40
3859,R,U,higher_40
3860,N,U,less_5
3861,N,U,less_5
3862,N,U,less_15
3863,N,U,higher_40
3864,N,U,less_5
3865,N,F,less_15
3866,N,U,less_15
3867,N,F,less_15
3868,N,U,less_40
3869,N,U,less_40
3870,N,F,
3871,N,U,
3872,N,U,less_15
3873,N,U,less_5
3874,N,U,less_40
3875,N,F,less_40
3876,N,U,less_40
3877,S,F,less_5
3878,R,F,less_15
3879,N,U,less_5
3880,N,U,less_40
3881,N,,
3882,N,U,less_40
3883,N,U,less_40
3884,R,F,higher_40
3885,N,U,less_15
3886,N,U,less_15
3887,N,U,higher_40
3888,N,U,less_5
3889,N,U,less_40
3890,N,U,less_5
3891,N,U,less_15
3892,N,U,less_15
3893,N,U,less_5
3894,N,U,less_15
3895,N,U,less_15
3896,N,U,less_40
3897,N,U,less_15
3898,N,U,less_15
3899,N,U,less_40
3900,N,U,less_15
3901,N,U,less_40
3902,N,U,less_5
3903,N,F,less_5
3904,R,F,higher_40
3905,N,U,less_5
3906,N,F,less_5
3907,N,U,less_15
3908,N,U,less_40
3909,R,U,less_40
3910,N,U,less_5
3911,N,U,less_15
3912,N,U,less_15
3913,N,U,less_5
3914,Y,U,less_5
3915,Y,U,less_40
3916,Y,U,less_15
3917,Y,U,higher_40
3918,Y,F,higher_40
3919,Y,F,less_40
3920,Y,U,less_40
3921,Y,,
3922,Y,F,less_15
3923,Y,U,less_40
3924,N,U,less_40
3925,N,U,less_40
3926,N,U,less_15
3927,N,U,less_40
3928,N,U,less_15
3929,N,F,less_5
3930,N,F,less_5
3931,N,U,higher_40
3932,N,U,less_5
3933,N,U,less_5
3934,N,U,less_5
3935,N,U,
3936,N,U,less_5
3937,N,U,less_15
3938,N,,
3939,N,U,less_5
3940,N,U,less_40
3941,N,U,less_40
3942,N,U,higher_40
3943,N,U,less_5
3944,N,U,less_40
3945,N,U,less_15
3946,N,U,less_15
3947,N,F,less_40
3948,N,U,less_5
3949,N,U,
3950,N,F,less_15
3951,N,U,less_15
3952,N,U,less_40
3953,N,U,less_5
3954,N,U,less_15
3955,N,U,less_40
3956,R,U,less_40
3957,N,F,less_5
3958,N,U,less_5
3959,N,U,
3960,S,U,less_5
3961,S,U,less_40
3962,S,U,less_5
3963,S,U,less_15
3964,S,U,less_15
3965,S,U,less_5
3966,S,F,less_5
3967,S,U,less_5
3968,S,F,less_15
3969,R,F,less_40
3970,S,F,less_15
3971,S,U,
3972,S,U,less_15
3973,S,U,less_5
3974,S,U,less_15
3975,S,U,less_5
3976,S,U,less_5
3977,S,U,less_15
3978,S,U,
3979,N,U,less_5
3980,N,U,less_40
3981,N,U,higher_40
3982,N,U,less_15
3983,Y,U,higher_40
3984,N,U,less_5
3985,N,U,less_15
3986,N,U,less_5
3987,N,U,less_15
3988,N,,
3989,N,F,less_15
3990,Y,U,less_40
3991,N,U,less_40
3992,N,U,less_5
3993,N,U,higher_40
3994,R,F,higher_40
3995,N,U,higher_40
3996,N,U,
3997,R,F,higher_40
3998,N,U,less_5
3999,R,F,higher_40
4000,N,U,less_15
4001,N,F,less_40
4002,S,U,less_40
4003,R,F,higher_40
4004,N,U,less_15
4005,N,U,less_15
4006,N,,
4007,N,F,less_15
4008,N,U,less_15
4009,N,U,less_15
4010,N,U,less_15
4011,N,U,less_15
4012,N,U,less_5
4013,N,U,less_15
4014,N,U,less_5
4015,N,F,less_15
4016,Y,U,less_40
4017,Y,U,less_40
4018,Y,U,less_40
4019,Y,U,less_5
4020,N,U,less_40
4021,N,F,less_40
4022,N,U,less_5
4023,N,U,less_15
4024,S,U,less_15
4025,Y,U,higher_40
4026,N,F,less_5
4027,N,U,less_15
4028,N,U,less_5
4029,N,U,less_40
4030,N,U,higher_40
4031,N,F,less_5
4032,N,U,less_40
4033,N,F,less_15
4034,N,F,less_40
4035,N,U,less_15
4036,N,U,less_40
4037,N,U,less_40
4038,N,U,less_5
4039,N,F,less_5
4040,N,U,less_40
4041,R,U,higher_40
4042,R,F,less_5
4043,N,U,less_5
4044,R,F,higher_40
4045,N,U,less_15
4046,N,,
4047,N,U,less_40
4048,N,U,less_5
4049,Y,U,less_40
4050,Y,U,less_40
4051,Y,F,less_40
4052,R,F,higher_40
4053,N,U,less_5
4054,R,,
4055,S,F,less_15
4056,N,U,less_40
4057,N,,
4058,N,U,less_5
4059,Y,F,
4060,N,U,less_15
4061,N,U,less_5
4062,N,U,less_40
4063,N,U,less_15
4064,Y,F,higher_40
4065,N,U,less_5
4066,N,U,less_5
4067,N,U,less_40
4068,N,U,less_5
4069,N,U,less_15
4070,N,U,less_5
4071,N,U,less_40
4072,N,U,less_15
4073,N,U,less_5
4074,N,U,less_40
4075,N,U,less_15
4076,N,U,less_15
4077,N,U,less_40
4078,N,U,less_15
4079,Y,F,higher_40
4080,S,U,less_5
4081,N,U,less_40
4082,N,U,less_40
4083,N,U,less_40
4084,N,U,
4085,N,F,less_15
4086,N,U,less_15
4087,N,U,less_40
4088,N,U,less_15
4089,N,U,less_15
4090,N,U,higher_40
4091,N,U,less_5
4092,N,U,less_5
4093,N,U,less_15
4094,N,U,less_15
4095,N,U,less_5
4096,N,U,higher_40
4097,N,U,less_40
4098,N,U,less_40
4099,N,F,less_15
4100,N,U,less_5
4101,N,U,less_40
4102,N,U,
4103,N,U,less_5
4104,N,F,less_15
4105,N,U,less_15
4106,N,U,higher_40
4107,Y,U,less_5
4108,R,F,less_5
4109,N,U,less_40
4110,R,U,less_40
4111,N,U,
4112,N,U,less_15
4113,N,U,less_40
4114,N,U,less_15
4115,N,U,less_5
4116,N,U,less_40
4117,R,F,higher_40
4118,N,U,less_5
4119,N,F,less_5
4120,N,U,less_15
4121,S,U,less_40
4122,N,U,less_40
4123,N,U,less_5
4124,N,U,less_40
4125,N,U,less_40
4126,N,U,less_15
4127,N,F,less_5
4128,N,U,less_40
4129,N,U,less_5
4130,N,U,less_40
4131,N,U,less_5
4132,N,U,
4133,N,U,less_15
4134,N,U,less_40
4135,N,U,less_40
4136,N,U,less_40
4137,N,F,less_15
4138,N,U,less_40
4139,N,U,less_5
4140,N,U,less_15
4141,Y,F,less_15
4142,Y,F,less_15
4143,Y,U,less_40
4144,Y,U,higher_40
4145,N,U,less_5
4146,N,U,
4147,N,U,less_5
4148,N,U,less_15
4149,N,U,higher_40
4150,N,F,less_5
4151,N,U,less_40
4152,N,U,less_5
4153,N,U,less_5
4154,N,U,less_5
4155,N,U,less_5
4156,R,F,higher_40
4157,S,F,less_5
4158,R,F,less_40
4159,S,U,less_40
4160,S,F,less_15
4161,N,U,less_40
4162,S,U,less_40
4163,S,F,less_5
4164,N,U,less_5
4165,Y,F,less_40
4166,N,U,
4167,N,U,less_5
4168,N,U,less_5
4169,N,U,less_15
4170,N,F,less_5
4171,N,U,less_40
4172,N,U,higher_40
4173,N,U,less_5
4174,N,U,less_40
4175,N,U,higher_40
4176,N,U,less_15
4177,N,U,less_5
4178,N,U,less_15
4179,N,U,less_15
4180,N,U,less_5
4181,Y,U,less_40
4182,N,U,less_5
4183,N,F,less_40
4184,N,F,less_40
4185,N,U,less_40
4186,N,U,less_15
4187,N,U,less_15
4188,N,U,less_5
4189,N,U,less_15
4190,R,F,higher_40
4191,N,U,less_5
4192,N,U,less_15
4193,N,U,less_15
4194,N,U,less_5
4195,N,U,less_5
4196,N,U,less_40
4197,R,F,higher_40
4198,N,U,less_40
4199,N,U,less_40
4200,N,U,less_40
4201,N,U,less_5
4202,N,U,higher_40
4203,N,U,less_5
4204,N,U,less_5
4205,Y,U,less_40
4206,Y,F,less_40
4207,Y,F,less_40
4208,N,U,less_40
4209,R,U,less_40
4210,N,U,
4211,N,U,less_5
4212,N,,
4213,N,U,less_15
4214,N,U,less_15
4215,S,,
4216,S,U,less_40
4217,R,F,higher_40
4218,S,F,less_15
4219,N,U,less_5
4220,N,F,less_40
4221,N,U,less_5
4222,N,U,less_40
4223,N,U,less_15
4224,N,U,less_5
4225,N,U,less_40
4226,N,U,higher_40
4227,N,F,less_5
4228,N,U,less_5
4229,S,U,
4230,N,U,less_40
4231,N,U,less_15
4232,N,U,less_5
4233,N,U,less_40
4234,N,U,less_15
4235,N,U,less_5
4236,N,U,less_40
4237,N,U,less_40
4238,N,U,less_15
4239,N,U,less_15
4240,N,F,less_40
4241,N,U,less_5
4242,N,U,less_40
4243,N,U,less_15
4244,Y,U,less_15
4245,N,U,higher_40
4246,N,U,less_40
4247,N,F,less_5
4248,N,U,less_40
4249,N,F,less_40
4250,N,U,less_5
4251,N,U,less_5
4252,N,U,less_5
4253,Y,F,less_40
4254,N,U,less_5
4255,N,U,less_40
4256,N,U,less_15
4257,N,U,less_15
4258,N,U,less_40
4259,Y,U,higher_40
4260,N,U,less_5
4261,N,F,less_5
4262,N,F,less_40
4263,N,U,less_40
4264,N,U,
4265,N,U,less_15
4266,N,U,less_15
4267,R,,
4268,N,F,less_5
4269,N,,
4270,N,U,less_40
4271,N,U,less_40
4272,N,U,
4273,N,U,less_40
4274,N,U,less_15
4275,N,U,higher_40
4276,N,U,less_15
4277,N,U,less_15
4278,N,U,higher_40
4279,N,U,less_5
4280,N,U,less_15
4281,N,U,less_5
4282,N,U,less_40
4283,N,U,less_40
4284,N,U,less_40
4285,N,U,less_5
4286,N,U,less_40
4287,N,U,less_5
4288,S,U,less_15
4289,S,U,less_5
4290,N,U,less_15
4291,N,U,less_5
4292,R,F,less_40
4293,Y,,
4294,Y,F,higher_40
4295,R,U,less_15
4296,N,U,less_5
4297,S,F,less_5
4298,R,F,higher_40
4299,R,F,less_40
4300,N,U,higher_40
4301,N,U,less_40
4302,N,U,less_40
4303,N,U,
4304,N,F,higher_40
4305,N,U,less_5
4306,R,F,less_40
4307,N,U,less_40
4308,N,U,less_5
4309,S,U,less_15
4310,S,U,less_15
4311,N,U,less_5
4312,N,U,less_15
4313,N,U,less_40
4314,N,U,less_40
4315,N,U,less_5
4316,N,,
4317,N,U,less_5
4318,Y,U,less_15
4319,N,U,higher_40
4320,N,U,less_15
4321,N,U,less_40
4322,N,U,less_15
4323,N,U,less_40
4324,Y,F,higher_40
4325,N,U,less_5
4326,N,U,less_5
4327,S,U,less_15
4328,N,U,less_40
4329,N,F,less_5
4330,N,U,less_15
4331,N,F,less_5
4332,N,F,higher_40
4333,N,U,less_15
4334,R,F,less_40
4335,R,F,higher_40
4336,N,U,less_5
4337,N,U,less_5
4338,N,U,less_15
4339,N,U,less_40
4340,N,U,less_40
4341,N,U,less_15
4342,N,U,less_5
4343,N,U,less_40
4344,N,U,less_40
4345,N,U,less_15
4346,Y,F,less_15
4347,N,U,less_15
4348,N,U,higher_40
4349,N,U,less_5
4350,N,U,less_5
4351,N,U,less_40
4352,N,U,less_15
4353,N,U,less_40
4354,N,F,less_5
4355,S,U,less_5
4356,S,U,less_5
4357,S,U,less_5
4358,S,F,less_40
4359,N,U,less_15
4360,Y,F,less_15
4361,N,U,less_15
4362,N,U,less_15
4363,R,F,less_15
4364,N,U,less_5
4365,N,U,less_5
4366,N,F,less_5
4367,R,F,less_40
4368,N,U,less_15
4369,N,U,less_5
4370,N,U,less_40
4371,N,U,less_40
4372,S,U,less_40
4373,S,F,less_40
4374,S,F,less_5
4375,S,U,less_5
4376,N,U,less_15
4377,N,U,less_15
4378,N,U,less_5
4379,N,U,less_5
4380,N,U,less_5
4381,N,U,less_5
4382,N,F,less_5
4383,N,F,less_40
4384,N,U,less_5
4385,R,,
4386,N,U,less_40
4387,N,U,less_15
4388,N,U,less_15
4389,N,F,less_40
4390,N,U,less_15
4391,N,,
4392,N,U,higher_40
4393,N,F,
4394,S,U,less_5
4395,N,U,less_40
4396,N,U,less_15
4397,N,U,less_5
4398,N,U,less_5
4399,N,U,less_40
4400,N,U,less_15
4401,N,U,less_5
4402,N,U,less_5
4403,N,U,less_5
4404,N,U,less_40
4405,N,,
4406,N,U,less_5
4407,N,F,less_40
4408,N,U,less_5
4409,N,,
4410,Y,U,less_40
4411,N,F,less_40
4412,N,U,less_15
4413,N,U,less_5
4414,N,U,less_40
4415,N,U,less_40
4416,N,F,less_40
4417,N,U,less_5
4418,N,U,less_5
4419,N,F,higher_40
4420,Y,F,less_15
4421,N,U,less_5
4422,N,U,less_5
4423,N,U,less_15
4424,N,U,less_5
4425,N,U,less_5
4426,N,U,less_5
4427,N,F,less_15
4428,N,U,less_40
4429,N,U,less_5
4430,N,U,less_5
4431,N,U,
4432,R,F,higher_40
4433,N,U,
4434,N,U,less_5
4435,Y,F,less_40
4436,N,F,less_5
4437,N,U,less_15
4438,R,F,less_40
4439,N,U,higher_40
4440,Y,,
4441,S,U,less_15
4442,S,U,less_40
4443,S,U,less_5
4444,S,U,less_40
4445,N,U,less_15
4446,Y,F,less_40
4447,S,U,less_15
4448,N,U,less_15
4449,N,U,less_5
4450,R,U,less_40
4451,S,U,less_15
4452,N,U,less_40
4453,N,U,less_40
4454,N,U,less_15
4455,N,U,less_40
4456,N,U,less_40
4457,N,U,less_15
4458,N,U,less_15
4459,S,U,less_15
4460,R,F,higher_40
4461,N,U,less_40
4462,N,U,less_40
4463,N,U,less_15
4464,R,U,less_40
4465,N,U,less_40
4466,N,U,less_5
4467,N,F,less_15
4468,S,U,
4469,S,U,less_15
4470,N,F,less_40
4471,S,U,less_5
4472,N,,
4473,Y,U,less_5
4474,N,U,less_5
4475,N,U,less_40
4476,N,U,less_40
4477,Y,U,higher_40
4478,N,U,less_5
4479,N,U,less_15
4480,S,U,less_5
4481,N,U,less_15
4482,N,U,less_40
4483,N,U,less_40
4484,N,U,less_40
4485,N,U,less_5
4486,N,U,less_40
4487,N,U,less_40
4488,N,U,less_15
4489,R,,
4490,N,F,less_15
4491,N,U,less_15
4492,S,F,less_40
4493,R,U,less_40
4494,S,U,less_5
4495,N,,
4496,N,U,less_40
4497,N,U,less_5
4498,Y,F,less_15
4499,N,U,less_15
4500,N,U,less_5
4501,N,U,less_5
4502,N,U,less_15
4503,N,U,less_5
4504,R,F,higher_40
4505,N,U,less_5
4506,N,U,less_5
4507,R,F,higher_40
4508,N,U,less_5
4509,N,U,less_15
4510,S,U,less_5
4511,N,U,less_5
4512,N,U,less_40
4513,N,U,less_40
4514,N,U,less_5
4515,N,U,higher_40
4516,N,U,less_5
4517,N,U,
4518,N,U,less_5
4519,N,U,less_15
4520,N,U,less_15
4521,N,U,less_5
4522,N,,
4523,N,U,less_40
4524,N,U,less_40
4525,N,U,less_5
4526,S,U,less_15
4527,N,U,less_15
4528,N,U,less_5
4529,S,F,less_5
4530,N,U,less_15
4531,N,U,less_15
4532,N,U,less_40
4533,N,U,less_15
4534,N,U,less_5
4535,N,U,less_40
4536,N,U,less_15
4537,N,U,less_40
4538,N,U,less_15
4539,N,U,less_15
4540,N,U,less_40
4541,N,U,less_40
4542,N,U,less_15
4543,N,U,less_40
4544,N,U,
4545,N,U,less_40
4546,N,U,less_5
4547,N,F,higher_40
4548,N,U,less_40
4549,N,U,higher_40
4550,N,U,less_5
4551,N,,
4552,N,U,less_5
4553,N,U,less_5
4554,N,U,higher_40
4555,N,U,less_5
4556,N,U,less_40
4557,N,F,less_5
4558,N,U,less_15
4559,N,U,less_5
4560,N,F,less_15
4561,N,U,less_40
4562,N,U,less_15
4563,N,U,less_40
4564,N,U,less_15
4565,S,F,less_5
4566,N,U,less_5
4567,N,U,
4568,N,F,less_40
4569,N,U,less_5
4570,N,U,less_40
4571,N,U,less_40
4572,N,U,less_5
4573,N,U,less_15
4574,N,U,less_5
4575,N,U,less_15
4576,N,F,less_15
4577,N,U,less_5
4578,N,U,less_5
4579,N,U,less_40
4580,N,U,less_15
4581,N,U,less_15
4582,N,F,higher_40
4583,N,U,less_40
4584,N,U,higher_40
4585,N,U,less_15
4586,R,F,higher_40
4587,N,U,less_40
4588,N,U,less_40
4589,N,U,less_15
4590,N,U,less_40
4591,R,F,less_40
4592,R,F,higher_40
4593,N,U,less_40
4594,N,U,less_40
4595,N,U,less_5
4596,N,U,less_5
4597,N,U,less_15
4598,N,U,less_5
4599,N,U,less_40
4600,N,U,less_15
4601,N,U,less_40
4602,N,U,less_5
4603,N,U,less_15
4604,N,U,less_5
4605,N,U,less_40
4606,N,F,less_40
4607,N,F,less_40
4608,N,U,less_5
4609,N,,
4610,S,U,less_40
4611,N,U,less_15
4612,N,U,less_5
4613,N,U,less_40
4614,N,U,less_5
4615,N,U,less_5
4616,N,U,less_40
4617,N,U,less_40
4618,N,U,
4619,N,F,less_5
4620,N,U,less_15
4621,N,U,less_5
4622,N,U,less_5
4623,N,U,less_5
4624,N,,
4625,N,U,less_40
4626,N,U,less_5
4627,N,U,less_5
4628,N,F,less_5
4629,N,U,less_15
4630,R,F,higher_40
4631,N,U,less_15
4632,N,U,less_40
4633,Y,U,higher_40
4634,Y,F,higher_40
4635,Y,F,less_40
4636,Y,,
4637,Y,F,less_40
4638,N,U,less_5
4639,N,U,less_15
4640,N,F,less_15
4641,N,U,less_5
4642,N,U,less_5
4643,N,U,higher_40
4644,N,U,less_15
4645,N,U,less_15
4646,N,U,less_5
4647,N,U,less_5
4648,N,F,less_40
4649,N,U,less_15
4650,N,U,less_40
4651,N,U,less_5
4652,N,U,less_40
4653,N,U,less_40
4654,S,F,less_15
4655,S,,
4656,S,U,
4657,S,,
4658,S,F,less_15
4659,S,U,less_40
4660,S,U,less_5
4661,N,U,less_5
4662,N,U,less_5
4663,S,U,less_5
4664,S,U,less_40
4665,N,U,less_5
4666,S,U,less_15
4667,S,U,less_15
4668,S,U,less_5
4669,S,U,less_5
4670,S,U,less_40
4671,R,F,higher_40
4672,S,F,less_5
4673,S,U,less_15
4674,S,F,less_5
4675,S,U,less_5
4676,S,F,less_15
4677,S,U,less_5
4678,S,U,less_5
4679,S,F,less_5
4680,S,U,less_5
4681,N,U,less_15
4682,N,U,less_15
4683,N,F,less_5
4684,N,U,less_40
4685,N,F,less_5
4686,N,U,less_5
4687,N,U,less_5
4688,N,U,less_40
4689,N,U,less_15
4690,N,U,less_15
4691,N,F,less_5
4692,N,U,less_5
4693,N,U,less_5
4694,N,U,less_40
4695,N,U,less_40
4696,N,U,less_40
4697,N,U,less_15
4698,N,U,less_5
4699,N,U,less_15
4700,N,F,less_5
4701,N,U,less_40
4702,N,U,less_40
4703,N,F,less_40
4704,N,U,less_40
4705,N,F,less_5
4706,N,U,less_40
4707,N,U,less_15
4708,N,U,less_15
4709,N,U,less_40
4710,N,U,less_5
4711,N,F,less_40
4712,N,U,less_5
4713,N,U,less_40
4714,N,U,less_5
4715,N,U,less_40
4716,N,U,less_40
4717,N,U,less_40
4718,Y,F,less_40
4719,N,U,less_5
4720,N,U,less_15
4721,N,U,less_5
4722,N,U,less_5
4723,Y,U,less_15
4724,N,U,less_5
4725,N,U,less_40
4726,N,U,less_5
4727,R,U,higher_40
4728,N,U,less_5
4729,N,F,higher_40
4730,R,F,higher_40
4731,R,U,less_40
4732,N,U,less_5
4733,N,U,less_40
4734,N,U,less_40
4735,N,F,less_40
4736,N,U,less_15
4737,N,U,less_40
4738,N,U,less_15
4739,N,U,less_15
4740,N,U,less_15
4741,N,U,less_5
4742,R,F,higher_40
4743,N,,
4744,S,U,less_15
4745,S,F,less_5
4746,S,U,
4747,N,U,higher_40
4748,N,U,less_40
4749,N,U,less_40
4750,R,F,less_40
4751,R,F,higher_40
4752,R,F,higher_40
4753,R,F,less_40
4754,N,,
4755,N,U,less_5
4756,N,U,less_40
4757,N,F,less_15
4758,N,U,less_5
4759,N,U,less_5
4760,N,U,less_5
4761,N,U,less_15
4762,N,U,higher_40
4763,N,U,less_15
4764,N,F,less_15
4765,N,U,less_5
4766,Y,U,less_40
4767,Y,U,less_15
4768,N,U,less_40
4769,N,U,less_40
4770,N,U,less_15
4771,N,F,less_5
4772,N,F,less_5
4773,N,F,less_5
4774,N,U,less_5
4775,S,F,less_5
4776,S,U,less_40
4777,S,F,less_5
4778,S,F,less_5
4779,S,U,less_40
4780,S,U,
4781,R,F,higher_40
4782,S,U,less_15
4783,N,U,less_40
4784,N,F,less_40
4785,S,U,less_15
4786,S,U,less_40
4787,N,U,less_5
4788,N,U,less_40
4789,N,U,less_40
4790,N,U,less_15
4791,N,U,less_5
4792,Y,F,less_40
4793,N,U,less_15
4794,N,U,less_40
4795,N,U,less_40
4796,N,U,less_15
4797,N,U,less_40
4798,N,U,less_15
4799,N,U,less_5
4800,N,F,less_15
4801,Y,F,less_15
4802,N,U,less_40
4803,N,U,less_15
4804,N,U,less_40
4805,Y,F,higher_40
4806,N,U,
4807,N,U,less_40
4808,N,U,less_5
4809,N,U,less_40
4810,N,U,less_5
4811,N,U,less_15
4812,N,U,higher_40
4813,N,U,less_40
4814,N,F,less_40
4815,N,U,less_15
4816,N,U,less_40
4817,N,U,less_40
4818,N,U,less_40
4819,N,U,less_40
4820,N,U,less_15
4821,N,,
4822,N,U,less_5
4823,N,U,less_40
4824,N,F,less_5
4825,R,F,less_40
4826,N,U,less_15
4827,S,U,less_15
4828,N,U,higher_40
4829,N,U,less_15
4830,N,,
4831,N,U,less_40
4832,N,U,less_5
4833,N,U,higher_40
4834,N,U,higher_40
4835,N,U,less_5
4836,N,F,less_5
4837,N,U,less_15
4838,N,U,less_40
4839,N,U,less_40
4840,N,U,less_40
4841,Y,U,less_40
4842,Y,U,less_15
4843,N,U,less_40
4844,N,U,less_40
4845,N,U,less_5
4846,N,U,less_5
4847,Y,F,less_5
4848,N,U,less_15
4849,N,U,less_5
4850,N,U,less_5
4851,N,F,less_5
4852,S,U,less_5
4853,S,U,less_40
4854,R,F,higher_40
4855,S,F,less_5
4856,S,U,less_5
4857,S,U,less_40
4858,S,U,less_5
4859,S,U,less_40
4860,N,U,less_40
4861,N,F,less_5
4862,N,U,higher_40
4863,N,U,less_15
4864,N,U,less_40
4865,N,U,less_40
4866,N,F,less_5
4867,N,F,less_40
4868,N,U,less_40
4869,N,U,less_5
4870,N,U,less_5
4871,N,U,less_15
4872,N,U,less_15
4873,N,U,less_40
4874,N,U,less_40
4875,N,U,less_5
4876,N,U,less_15
4877,N,F,less_5
4878,N,U,less_5
4879,N,,
4880,N,U,less_5
4881,N,U,less_40
4882,N,U,less_5
4883,N,F,less_15
4884,N,U,less_40
4885,N,F,less_40
4886,N,U,less_15
4887,N,U,less_40
4888,N,U,less_40
4889,N,U,less_40
4890,N,U,less_40
4891,N,U,less_40
4892,N,U,less_15
4893,N,U,less_40
4894,S,U,less_40
4895,S,U,less_5
4896,N,U,less_40
4897,N,U,less_5
4898,N,U,less_5
4899,N,U,less_5
4900,N,F,less_5
4901,N,F,less_5
4902,R,U,less_40
4903,R,F,higher_40
4904,R,F,higher_40
4905,N,U,less_15
4906,N,U,less_40
4907,N,U,less_40
4908,N,U,less_40
4909,N,U,less_5
4910,N,U,less_40
4911,N,U,less_15
4912,N,U,less_5
4913,N,U,less_40
4914,N,U,less_40
4915,N,F,less_5
4916,N,U,less_5
4917,N,U,less_15
4918,N,U,less_5
4919,N,F,less_40
4920,S,F,less_15
4921,S,U,less_5
4922,S,U,less_40
4923,N,U,less_5
4924,N,F,less_5
4925,N,U,less_40
4926,N,U,higher_40
4927,N,U,
4928,N,U,less_15
4929,N,U,less_40
4930,N,U,less_15
4931,N,U,less_5
4932,N,U,less_5
4933,N,U,less_5
4934,N,F,less_5
4935,N,U,less_15
4936,N,U,less_5
4937,N,U,less_5
4938,N,U,less_5
4939,N,F,less_5
4940,Y,F,less_40
4941,N,U,less_5
4942,N,F,less_40
4943,R,F,higher_40
4944,S,U,less_15
4945,S,U,less_15
4946,S,U,less_15
4947,S,U,less_15
4948,N,U,less_15
4949,N,U,less_15
4950,N,F,less_40
4951,N,F,less_15
4952,N,U,less_40
4953,Y,,
4954,N,U,less_15
4955,N,U,less_15
4956,N,U,less_5
4957,N,F,less_40
4958,N,F,less_5
4959,N,U,less_40
4960,N,U,less_15
4961,N,U,less_15
4962,N,U,less_5
4963,N,U,less_5
4964,N,F,less_15
4965,R,F,less_40
4966,S,U,less_40
4967,R,F,higher_40
4968,R,F,less_40
4969,S,F,less_5
4970,N,,
4971,N,U,less_40
4972,N,U,less_40
4973,N,U,less_15
4974,Y,F,less_40
4975,N,,
4976,N,U,less_5
4977,N,U,less_40
4978,N,U,less_15
4979,N,U,less_15
4980,N,U,higher_40
4981,N,U,less_5
4982,N,F,less_5
4983,N,U,less_5
4984,N,U,less_40
4985,N,U,less_5
4986,N,U,less_5
4987,N,U,less_15
4988,N,F,less_40
4989,N,U,less_40
4990,N,U,less_5
4991,N,F,less_5
4992,N,U,less_40
4993,N,U,less_15
4994,N,U,less_40
4995,N,U,less_40
4996,N,U,
4997,N,U,less_5
4998,N,F,less_40
4999,N,U,less_15
